ID,ID,pred
1112,1116,0.407986447
1112,1124,0.30072858
1112,1137,0.699022479
1112,1139,0.502025991
1112,1153,0.297278471
1112,1166,0.394696396
1112,1173,0.704915116
1112,1181,0.487404907
1112,1190,0.709973371
1112,1195,0.501930478
1112,1196,0.405346327
1112,1199,0.30224784
1112,1211,0.39670765
1112,1233,0.607574222
1112,1235,0.38591614
1112,1240,0.807194283
1112,1242,0.186632226
1112,1243,0.294644975
1112,1245,0.491975678
1112,1246,0.08865481
1112,1257,0.480877353
1112,1266,0.587951758
1112,1268,0.519529729
1112,1274,0.521777731
1112,1276,0.498132285
1112,1277,0.707105376
1112,1278,0.705152849
1112,1291,0.799069195
1112,1292,0.807027199
1112,1297,0.605897409
1112,1300,0.698466176
1112,1305,0.510208456
1112,1308,0.809536983
1112,1309,0.80818229
1112,1314,0.32467448
1112,1315,0.701762905
1112,1321,0.299672216
1112,1323,0.388375705
1112,1329,0.335710426
1112,1332,0.361327527
1112,1343,0.787156974
1112,1344,0.590617198
1112,1345,0.205890013
1112,1348,0.500869015
1112,1355,0.788074774
1112,1371,0.705067621
1112,1374,0.499415186
1112,1376,0.402258487
1112,1388,0.204454961
1112,1407,0.506111876
1112,1411,0.594978976
1112,1413,0.905107483
1112,1417,0.396616478
1112,1423,0.606369928
1112,1425,0.602311496
1112,1433,0.704443657
1112,1435,0.806701422
1112,1436,0.597234184
1112,1437,0.29250769
1112,1438,0.501400345
1112,1439,0.320373261
1112,1448,0.57539034
1112,1452,0.083473111
1112,1455,0.502225354
1112,1457,0.609240333
1112,1458,0.114468558
1112,1462,0.60475338
1116,1124,0.489564956
1116,1137,0.510124451
1116,1139,0.386312227
1116,1153,0.404850008
1116,1166,0.796087796
1116,1173,0.292761693
1116,1181,0.093677653
1116,1190,0.502783262
1116,1195,0.704006956
1116,1196,0.075370734
1116,1199,0.393890508
1116,1211,0.089383232
1116,1233,0.310503076
1116,1235,0.509065602
1116,1240,0.69681507
1116,1242,0.493191247
1116,1243,0.702150346
1116,1245,0.503193463
1116,1246,0.19262425
1116,1257,0.499303217
1116,1266,0.608052233
1116,1268,0.500113383
1116,1274,0.632891208
1116,1276,0.494874118
1116,1277,0.617323433
1116,1278,0.417886492
1116,1291,0.799803311
1116,1292,0.302884813
1116,1297,0.613505856
1116,1300,0.799282098
1116,1305,0.699104927
1116,1308,0.681324213
1116,1309,1
1116,1314,0.092654159
1116,1315,0.807838196
1116,1321,0.590574031
1116,1323,0.268083425
1116,1329,0.285917373
1116,1332,0.304581383
1116,1343,0.710060007
1116,1344,0.608612375
1116,1345,0.503633395
1116,1348,0.19590747
1116,1355,0.400423223
1116,1371,0.699966177
1116,1374,0.591698145
1116,1376,0.484627637
1116,1388,0.49057494
1116,1407,0.580029822
1116,1411,0.806973952
1116,1413,0.806472963
1116,1417,0.475286821
1116,1423,0.102829253
1116,1425,0.696206054
1116,1433,0.403851813
1116,1435,0.60129932
1116,1436,0.706913303
1116,1437,0.097016357
1116,1438,0.390399083
1116,1439,0.551580141
1116,1448,0.880939033
1116,1452,0.48582947
1116,1455,0.10161282
1116,1457,0.613422307
1116,1458,0.500818731
1116,1462,0.20669769
1124,1137,0.812561781
1124,1139,0.698831918
1124,1153,0.513597301
1124,1166,0.505247483
1124,1173,0.695307805
1124,1181,0.593662178
1124,1190,0.610140776
1124,1195,0.509418666
1124,1196,0.704397531
1124,1199,0.383007848
1124,1211,0.30610147
1124,1233,0.903214062
1124,1235,0.449797595
1124,1240,0.603718497
1124,1242,0.150194472
1124,1243,0.44438193
1124,1245,0.414490705
1124,1246,0.097588537
1124,1257,0.571388227
1124,1266,0.393697982
1124,1268,0.715477521
1124,1274,0.490303115
1124,1276,0.508235103
1124,1277,0.70086826
1124,1278,0.71533652
1124,1291,0.704042271
1124,1292,0.800996617
1124,1297,0.612179003
1124,1300,0.630980726
1124,1305,0.898733536
1124,1308,0.808308431
1124,1309,0.900484567
1124,1314,0.404857347
1124,1315,0.908190517
1124,1321,0.411513308
1124,1323,0.378869852
1124,1329,0.319458175
1124,1332,0.574683125
1124,1343,0.599391716
1124,1344,0.59786064
1124,1345,0.304602798
1124,1348,0.784439746
1124,1355,0.696704862
1124,1371,1
1124,1374,0.488582089
1124,1376,0.298479291
1124,1388,0.204227295
1124,1407,0.714801279
1124,1411,0.709584274
1124,1413,0.903749699
1124,1417,0.342867657
1124,1423,0.611047151
1124,1425,0.720513422
1124,1433,0.696130504
1124,1435,0.710256399
1124,1436,0.804731069
1124,1437,0.285417254
1124,1438,0.397396196
1124,1439,0.570366343
1124,1448,0.585091667
1124,1452,0.063085829
1124,1455,0.701441004
1124,1457,0.715248207
1124,1458,0.393344982
1124,1462,0.69718715
1137,1139,0.588902732
1137,1153,0.292752475
1137,1166,0.571426053
1137,1173,0.493649243
1137,1181,0.19423372
1137,1190,0.208516411
1137,1195,0.396299697
1137,1196,0.210025295
1137,1199,0.493139508
1137,1211,0.091342083
1137,1233,0.828546489
1137,1235,0.32460505
1137,1240,0.513457263
1137,1242,0.177780562
1137,1243,0.29575902
1137,1245,0.459888197
1137,1246,0.18071713
1137,1257,0.197092367
1137,1266,0.486616167
1137,1268,0.393471077
1137,1274,0.096947717
1137,1276,0.306456536
1137,1277,0.382450959
1137,1278,0.403066221
1137,1291,0.600135405
1137,1292,0.393713371
1137,1297,0.390703969
1137,1300,0.502727699
1137,1305,0.395177266
1137,1308,0.397908524
1137,1309,0.590454656
1137,1314,0.306097356
1137,1315,0.490748974
1137,1321,0.2249891
1137,1323,0.483995309
1137,1329,0.363942162
1137,1332,0.300534541
1137,1343,0.181919667
1137,1344,0.298229607
1137,1345,0.277315755
1137,1348,0.409079387
1137,1355,0.540162823
1137,1371,0.598441329
1137,1374,0.298141658
1137,1376,0.487395159
1137,1388,0.087288184
1137,1407,0.611603513
1137,1411,0.704987779
1137,1413,0.603397309
1137,1417,0.187492501
1137,1423,0.197524751
1137,1425,0.19739908
1137,1433,0.394080141
1137,1435,0.698351125
1137,1436,0.49672254
1137,1437,0.090597496
1137,1438,0.299617735
1137,1439,0.296071005
1137,1448,0.523943
1137,1452,0
1137,1455,0.170744059
1137,1457,0.602731649
1137,1458,0.089944432
1137,1462,0.402654295
1139,1153,0.284551699
1139,1166,0.418438504
1139,1173,0.591165388
1139,1181,0.300679552
1139,1190,0.413805557
1139,1195,0.897137299
1139,1196,0.586697991
1139,1199,0.500649882
1139,1211,0.302526424
1139,1233,0.596895653
1139,1235,0.283975542
1139,1240,0.789840923
1139,1242,0.414622113
1139,1243,0.401082931
1139,1245,0.597259758
1139,1246,0.095233366
1139,1257,0.494573279
1139,1266,0.573846066
1139,1268,0.497808832
1139,1274,0.507092197
1139,1276,0.599952444
1139,1277,0.505747241
1139,1278,0.587195812
1139,1291,0.80057534
1139,1292,0.696591874
1139,1297,0.308667789
1139,1300,0.600187813
1139,1305,0.387543609
1139,1308,0.591959448
1139,1309,0.610961477
1139,1314,0.495646808
1139,1315,1
1139,1321,0.395110659
1139,1323,0.415203207
1139,1329,0.264609389
1139,1332,0.30901298
1139,1343,0.389851935
1139,1344,0.572675583
1139,1345,0.288487779
1139,1348,0.524262237
1139,1355,0.577026295
1139,1371,0.831044186
1139,1374,0.502642219
1139,1376,0.496971135
1139,1388,0.50147326
1139,1407,0.515403515
1139,1411,0.898237707
1139,1413,0.81197534
1139,1417,0.202395471
1139,1423,0.497188467
1139,1425,0.300123256
1139,1433,0.596658186
1139,1435,0.509543765
1139,1436,0.555677259
1139,1437,0.115882479
1139,1438,0.603166831
1139,1439,0.397141768
1139,1448,0.69729794
1139,1452,0
1139,1455,0.468884517
1139,1457,0.588340527
1139,1458,0.701226978
1139,1462,0.454324452
1153,1166,0.508564765
1153,1173,0.811804873
1153,1181,0.583621661
1153,1190,0.613858422
1153,1195,0.80873643
1153,1196,0.808938023
1153,1199,0.41146362
1153,1211,0.29653273
1153,1233,1
1153,1235,0.483864231
1153,1240,0.899079688
1153,1242,0.402651647
1153,1243,0.525668746
1153,1245,0.599789116
1153,1246,0.367712925
1153,1257,0.292902297
1153,1266,0.592557097
1153,1268,0.899333341
1153,1274,0.610003167
1153,1276,0.510478035
1153,1277,0.687456
1153,1278,0.910416611
1153,1291,1
1153,1292,0.800910339
1153,1297,0.907461145
1153,1300,1
1153,1305,0.706809386
1153,1308,0.810462977
1153,1309,0.903494226
1153,1314,0.515620026
1153,1315,0.790969061
1153,1321,0.699175268
1153,1323,0.491530193
1153,1329,0.402114345
1153,1332,0.813413733
1153,1343,0.397069887
1153,1344,0.900237744
1153,1345,0.265339468
1153,1348,0.494776974
1153,1355,0.801624028
1153,1371,0.901325198
1153,1374,0.668814963
1153,1376,0.69220987
1153,1388,0.805392142
1153,1407,0.910547784
1153,1411,1
1153,1413,0.913180415
1153,1417,0.391153699
1153,1423,0.595796785
1153,1425,0.531313338
1153,1433,0.800309325
1153,1435,0.631675573
1153,1436,0.903167909
1153,1437,0.400124941
1153,1438,0.794122385
1153,1439,0.322682121
1153,1448,0.609574801
1153,1452,0.108566518
1153,1455,0.40988306
1153,1457,0.720412862
1153,1458,0.413293015
1153,1462,1
1166,1173,0.832349617
1166,1181,0.613714275
1166,1190,0.81073943
1166,1195,0.805482541
1166,1196,0.814562336
1166,1199,0.468494996
1166,1211,0.500998705
1166,1233,0.615241841
1166,1235,0.408147174
1166,1240,1
1166,1242,0.588641532
1166,1243,0.738766446
1166,1245,0.714941549
1166,1246,0.227723997
1166,1257,0.690228834
1166,1266,0.480291729
1166,1268,0.9110207
1166,1274,0.632060676
1166,1276,0.603838166
1166,1277,0.806401944
1166,1278,0.812210277
1166,1291,0.703840122
1166,1292,1
1166,1297,1
1166,1300,0.827418008
1166,1305,0.785703241
1166,1308,0.912606975
1166,1309,0.813168532
1166,1314,0.28099051
1166,1315,0.803885002
1166,1321,0.613493893
1166,1323,0.270659662
1166,1329,0.622626322
1166,1332,0.620715048
1166,1343,0.903178088
1166,1344,0.782392209
1166,1345,0.485855914
1166,1348,0.813450676
1166,1355,0.511770502
1166,1371,0.899408532
1166,1374,0.712051135
1166,1376,0.602634238
1166,1388,0.799288828
1166,1407,0.806937306
1166,1411,0.805033829
1166,1413,0.91119091
1166,1417,0.412727097
1166,1423,0.473277664
1166,1425,0.709688846
1166,1433,1
1166,1435,0.71560078
1166,1436,0.813747261
1166,1437,0.454266169
1166,1438,0.627751285
1166,1439,0.805023085
1166,1448,0.79636349
1166,1452,0.489741762
1166,1455,0.705251948
1166,1457,0.816041956
1166,1458,0.501519237
1166,1462,0.751003319
1173,1181,0.295868235
1173,1190,0.096453744
1173,1195,0.699750865
1173,1196,0.397302179
1173,1199,0.406622432
1173,1211,0.388037534
1173,1233,0.69100057
1173,1235,0.377952547
1173,1240,0.703926092
1173,1242,0.28253543
1173,1243,0.307078562
1173,1245,0.486055982
1173,1246,0.177232824
1173,1257,0.429802904
1173,1266,0.487915317
1173,1268,0.315370808
1173,1274,0.501678187
1173,1276,0.397423873
1173,1277,0.705137873
1173,1278,0.612274206
1173,1291,0.888987345
1173,1292,0.791633922
1173,1297,0.611222058
1173,1300,0.797919084
1173,1305,0.507059827
1173,1308,0.587618856
1173,1309,0.705848892
1173,1314,0.504778681
1173,1315,0.609727056
1173,1321,0.555349547
1173,1323,0.300821747
1173,1329,0.344924052
1173,1332,0.49797384
1173,1343,0.207411791
1173,1344,0.408248625
1173,1345,0.273895044
1173,1348,0.567957964
1173,1355,0.391982919
1173,1371,0.818336403
1173,1374,0.400543306
1173,1376,0.602648777
1173,1388,0.189688178
1173,1407,0.604650701
1173,1411,0.598898483
1173,1413,0.809292173
1173,1417,0.287763943
1173,1423,0.4788948
1173,1425,0.489543146
1173,1433,0.530677721
1173,1435,0.619259083
1173,1436,0.710731733
1173,1437,0.090033364
1173,1438,0.493998047
1173,1439,0.39873324
1173,1448,0.700165497
1173,1452,0
1173,1455,0.093888462
1173,1457,0.677493203
1173,1458,0.293217465
1173,1462,0.584415725
1181,1190,0.413862704
1181,1195,0.90128513
1181,1196,0.343143389
1181,1199,0.343638575
1181,1211,0.59552026
1181,1233,1
1181,1235,0.595378558
1181,1240,0.706743158
1181,1242,0.399758374
1181,1243,0.510199658
1181,1245,0.90005834
1181,1246,0.309041531
1181,1257,0.477017391
1181,1266,0.597337328
1181,1268,0.497187586
1181,1274,0.215440031
1181,1276,0.488764168
1181,1277,0.425243555
1181,1278,0.819825154
1181,1291,1
1181,1292,0.801301523
1181,1297,0.700468101
1181,1300,0.795133844
1181,1305,0.516479748
1181,1308,0.702416088
1181,1309,0.901683473
1181,1314,0.507614449
1181,1315,0.905961185
1181,1321,0.60030085
1181,1323,0.649479077
1181,1329,0.445821678
1181,1332,0.602568211
1181,1343,0.625793546
1181,1344,0.39311394
1181,1345,0.517146969
1181,1348,0.593376834
1181,1355,0.803325361
1181,1371,0.894015989
1181,1374,0.579755325
1181,1376,0.491295104
1181,1388,0.492272138
1181,1407,0.903101408
1181,1411,1
1181,1413,0.698267055
1181,1417,0.310549236
1181,1423,0.48895045
1181,1425,0.803797867
1181,1433,0.788200752
1181,1435,0.762049524
1181,1436,0.405961777
1181,1437,0.515288928
1181,1438,0.5802092
1181,1439,0.797316434
1181,1448,0.86977451
1181,1452,0.180393451
1181,1455,0.297465527
1181,1457,1
1181,1458,0.390407632
1181,1462,0.503899871
1190,1195,0.702541747
1190,1196,0.480430095
1190,1199,0.308433399
1190,1211,0.580553447
1190,1233,0.697551678
1190,1235,0.504323558
1190,1240,0.710697827
1190,1242,0.481403394
1190,1243,0.60706011
1190,1245,0.800596916
1190,1246,0.220441421
1190,1257,0.615928336
1190,1266,0.667881559
1190,1268,0.420224255
1190,1274,0.613124739
1190,1276,0.403470915
1190,1277,0.488662071
1190,1278,0.697824044
1190,1291,0.677086144
1190,1292,0.688595493
1190,1297,0.675602014
1190,1300,0.583623546
1190,1305,0.69354109
1190,1308,0.52031795
1190,1309,0.901538088
1190,1314,0.399241698
1190,1315,0.801326278
1190,1321,0.483447093
1190,1323,0.397307052
1190,1329,0.367034417
1190,1332,0.494112252
1190,1343,0.59063749
1190,1344,0.576340625
1190,1345,0.395171091
1190,1348,0.809652709
1190,1355,0.610446221
1190,1371,0.708922906
1190,1374,0.484887265
1190,1376,0.471366795
1190,1388,0.50676532
1190,1407,0.801875959
1190,1411,0.810523825
1190,1413,0.774281145
1190,1417,0.455210779
1190,1423,0.1950319
1190,1425,1
1190,1433,0.902370773
1190,1435,0.58020303
1190,1436,0.799486286
1190,1437,0.095076753
1190,1438,0.404863638
1190,1439,0.817319184
1190,1448,0.805713279
1190,1452,0.29094744
1190,1455,0.494629419
1190,1457,0.79993319
1190,1458,0.293937075
1190,1462,0.596765705
1195,1196,0.098940249
1195,1199,0.0916128
1195,1211,0.094805466
1195,1233,0.698058893
1195,1235,0.213391988
1195,1240,0.703591883
1195,1242,0
1195,1243,0.402408131
1195,1245,0.404972927
1195,1246,0.193840594
1195,1257,0.096524458
1195,1266,0.497260096
1195,1268,0.573308563
1195,1274,0.201769453
1195,1276,0.228915132
1195,1277,0.60670748
1195,1278,0.377921109
1195,1291,0.615654619
1195,1292,0.401623787
1195,1297,0.609235146
1195,1300,0.592381735
1195,1305,0.314714764
1195,1308,0.305263652
1195,1309,0.189991962
1195,1314,0.093529524
1195,1315,0.521664718
1195,1321,0.219099133
1195,1323,0.196867109
1195,1329,0.100871866
1195,1332,0.296379575
1195,1343,0.356054442
1195,1344,0.402121248
1195,1345,0.191045896
1195,1348,0.289780363
1195,1355,0.439706556
1195,1371,0.600818786
1195,1374,0.201289061
1195,1376,0.189827655
1195,1388,0.192982763
1195,1407,0.628406033
1195,1411,0.723529045
1195,1413,0.705466731
1195,1417,0.178289554
1195,1423,0.200081399
1195,1425,0.094736255
1195,1433,0.315828074
1195,1435,0.402080605
1195,1436,0.102075191
1195,1437,0.389185538
1195,1438,0.453114096
1195,1439,0.462299924
1195,1448,0.575238517
1195,1452,0.087476194
1195,1455,0
1195,1457,0.388400836
1195,1458,0.298240665
1195,1462,0.506131715
1196,1199,0.444729657
1196,1211,0.505626535
1196,1233,0.80516062
1196,1235,0.392927807
1196,1240,0.582891308
1196,1242,0.184789305
1196,1243,0.414157854
1196,1245,0.681698775
1196,1246,0.284745492
1196,1257,0.392748214
1196,1266,0.658062582
1196,1268,0.395936761
1196,1274,0.497159842
1196,1276,0.507771396
1196,1277,0.192119602
1196,1278,0.81897457
1196,1291,0.798906137
1196,1292,0.796450791
1196,1297,0.456300155
1196,1300,0.790712042
1196,1305,0.422756714
1196,1308,0.501152172
1196,1309,0.796448182
1196,1314,0.612156386
1196,1315,0.80377457
1196,1321,0.493511719
1196,1323,0.432100659
1196,1329,0.267704819
1196,1332,0.691315627
1196,1343,0.279024653
1196,1344,0.507533917
1196,1345,0.396302458
1196,1348,0.503844045
1196,1355,0.59798682
1196,1371,0.908107989
1196,1374,0.488292301
1196,1376,0.246634886
1196,1388,0.610147451
1196,1407,0.593664785
1196,1411,0.815516311
1196,1413,0.797607428
1196,1417,0.298979378
1196,1423,0.489080157
1196,1425,0.716336786
1196,1433,0.506752525
1196,1435,0.480169504
1196,1436,0.505039514
1196,1437,0.10327987
1196,1438,0.555884862
1196,1439,0.693744204
1196,1448,0.814013539
1196,1452,0
1196,1455,0.30865765
1196,1457,0.516168758
1196,1458,0
1196,1462,0.701617594
1199,1211,0.484327874
1199,1233,0.596949229
1199,1235,0.427722651
1199,1240,0.808989712
1199,1242,0.614468033
1199,1243,0.748307245
1199,1245,0.495612332
1199,1246,0.378531269
1199,1257,0.764385555
1199,1266,0.302587783
1199,1268,0.795064699
1199,1274,0.862300108
1199,1276,0.382407662
1199,1277,0.805579058
1199,1278,0.60639424
1199,1291,0.797359074
1199,1292,0.801476506
1199,1297,0.806368949
1199,1300,0.906612172
1199,1305,0.707975532
1199,1308,0.691806544
1199,1309,0.80559765
1199,1314,0.392472259
1199,1315,0.809786136
1199,1321,0.619010739
1199,1323,0.272298393
1199,1329,0.403742565
1199,1332,0.302805944
1199,1343,0.706667164
1199,1344,0.808447852
1199,1345,0.479902503
1199,1348,0.700402542
1199,1355,0.701207806
1199,1371,0.808800954
1199,1374,0.636748751
1199,1376,0.789830091
1199,1388,0.443286857
1199,1407,0.308542308
1199,1411,0.788344162
1199,1413,0.801366595
1199,1417,0.487939867
1199,1423,0.285538884
1199,1425,0.794760803
1199,1433,0.803711243
1199,1435,0.716199977
1199,1436,0.904686298
1199,1437,0.394413574
1199,1438,0.517392664
1199,1439,0.92469494
1199,1448,0.889088426
1199,1452,0.583192127
1199,1455,0.213507661
1199,1457,0.70777644
1199,1458,0.424467582
1199,1462,0.393171683
1211,1233,0.901017156
1211,1235,0.616220193
1211,1240,0.912352311
1211,1242,0.591989021
1211,1243,0.505800934
1211,1245,0.903573453
1211,1246,0.314362309
1211,1257,0.408912089
1211,1266,0.508620026
1211,1268,0.615769803
1211,1274,0.307094066
1211,1276,0.586441099
1211,1277,0.698725328
1211,1278,0.796595548
1211,1291,1
1211,1292,0.808951894
1211,1297,0.725005903
1211,1300,0.7098749
1211,1305,0.683790005
1211,1308,0.798342441
1211,1309,1
1211,1314,0.238141661
1211,1315,0.811442913
1211,1321,0.801786417
1211,1323,0.539181178
1211,1329,0.491165303
1211,1332,0.489052705
1211,1343,0.912478899
1211,1344,0.608135574
1211,1345,0.495237357
1211,1348,0.595372303
1211,1355,0.614390615
1211,1371,0.902839608
1211,1374,0.588459915
1211,1376,0.705474922
1211,1388,0.64567418
1211,1407,1
1211,1411,1
1211,1413,1
1211,1417,0.393702536
1211,1423,0.696284503
1211,1425,0.716479721
1211,1433,0.903001839
1211,1435,0.800056652
1211,1436,0.706989831
1211,1437,0.485293944
1211,1438,0.694736098
1211,1439,0.710429275
1211,1448,0.734299558
1211,1452,0.388018793
1211,1455,0.399500442
1211,1457,0.908440861
1211,1458,0.60721694
1211,1462,0.601439807
1233,1235,0.207434941
1233,1240,0.691921096
1233,1242,0.094546724
1233,1243,0
1233,1245,0.607466577
1233,1246,0.202934167
1233,1257,0.18732987
1233,1266,0.597424999
1233,1268,0.298653464
1233,1274,0.192587075
1233,1276,0.106393018
1233,1277,0.198296047
1233,1278,0.311175784
1233,1291,0.730307877
1233,1292,0.593537558
1233,1297,0.595648094
1233,1300,0.511525605
1233,1305,0.300621767
1233,1308,0.394800268
1233,1309,0.702015953
1233,1314,0.18289227
1233,1315,0.720732877
1233,1321,0.204850046
1233,1323,0.291243338
1233,1329,0.388797789
1233,1332,0.30650987
1233,1343,0.291443439
1233,1344,0.608882495
1233,1345,0.194700538
1233,1348,0.178552206
1233,1355,0.479231836
1233,1371,0.691726237
1233,1374,0.187337861
1233,1376,0.278026328
1233,1388,0.170722805
1233,1407,0.493994073
1233,1411,0.906541151
1233,1413,0.62559813
1233,1417,0.290597829
1233,1423,0.143152045
1233,1425,0.203574621
1233,1433,0.089800604
1233,1435,0.498652094
1233,1436,0.602415093
1233,1437,0.090442893
1233,1438,0.497725789
1233,1439,0.603899567
1233,1448,0.397244501
1233,1452,0.101279564
1233,1455,0.194434219
1233,1457,0.515156737
1233,1458,0
1233,1462,0.194738404
1235,1240,0.778144924
1235,1242,0.776538112
1235,1243,0.533505064
1235,1245,0.916045951
1235,1246,0.404335073
1235,1257,0.620021434
1235,1266,0.622417194
1235,1268,0.680697351
1235,1274,0.43615475
1235,1276,0.425191735
1235,1277,0.605153107
1235,1278,0.817186805
1235,1291,0.899300002
1235,1292,0.61558351
1235,1297,0.760755852
1235,1300,0.774000451
1235,1305,0.421790504
1235,1308,0.708328037
1235,1309,0.904070827
1235,1314,0.593504271
1235,1315,0.896297144
1235,1321,0.704608801
1235,1323,0.603260859
1235,1329,0.798165929
1235,1332,0.819303806
1235,1343,0.584894583
1235,1344,0.497544924
1235,1345,0.794023295
1235,1348,0.610646031
1235,1355,0.385331384
1235,1371,0.823785137
1235,1374,0.536803008
1235,1376,0.698462701
1235,1388,0.617118482
1235,1407,0.804174047
1235,1411,0.90577021
1235,1413,0.883965088
1235,1417,0.500814081
1235,1423,0.900366092
1235,1425,0.905143427
1235,1433,0.712869044
1235,1435,0.488064466
1235,1436,0.689217318
1235,1437,0.594672082
1235,1438,0.896624495
1235,1439,0.516646648
1235,1448,0.823431491
1235,1452,0.359015905
1235,1455,0.796532147
1235,1457,0.784518437
1235,1458,0.691301368
1235,1462,0.642053113
1240,1242,0.299046483
1240,1243,0
1240,1245,0.193367141
1240,1246,0.1894742
1240,1257,0.108321657
1240,1266,0.201113536
1240,1268,0.099277947
1240,1274,0
1240,1276,0.202048305
1240,1277,0.295228717
1240,1278,0.499837942
1240,1291,0.501481362
1240,1292,0.294110191
1240,1297,0.210200878
1240,1300,0.302732837
1240,1305,0.499076312
1240,1308,0.292359998
1240,1309,0.501015545
1240,1314,0.1025862
1240,1315,0.498361286
1240,1321,0.194762734
1240,1323,0.203669573
1240,1329,0.296778201
1240,1332,0.595666405
1240,1343,0.092712998
1240,1344,0.196754028
1240,1345,0.190876893
1240,1348,0.208334405
1240,1355,0.356269229
1240,1371,0.499396768
1240,1374,0.09935914
1240,1376,0.406154648
1240,1388,0
1240,1407,0.487264299
1240,1411,0.696577148
1240,1413,0.501855721
1240,1417,0.187436294
1240,1423,0.103568707
1240,1425,0.096100498
1240,1433,0.407199276
1240,1435,0.193672087
1240,1436,0.292806658
1240,1437,0.28573065
1240,1438,0.576057027
1240,1439,0.398511393
1240,1448,0.297411974
1240,1452,0.087522239
1240,1455,0.195164958
1240,1457,0.0993367
1240,1458,0
1240,1462,0.400992139
1242,1243,0.771020483
1242,1245,0.292527405
1242,1246,0.624076346
1242,1257,0.700345272
1242,1266,0.202730671
1242,1268,0.708642573
1242,1274,0.644999439
1242,1276,0.405367049
1242,1277,0.623455289
1242,1278,0.591407486
1242,1291,0.902792084
1242,1292,0.897849676
1242,1297,0.633069828
1242,1300,0.65867382
1242,1305,0.497693232
1242,1308,0.675334859
1242,1309,0.904090777
1242,1314,0.422289177
1242,1315,0.901410872
1242,1321,0.694366426
1242,1323,0.379441566
1242,1329,0.403843946
1242,1332,0.372797798
1242,1343,0.808701778
1242,1344,0.692754892
1242,1345,0.494660134
1242,1348,0.605095103
1242,1355,0.583169873
1242,1371,0.598660742
1242,1374,0.815085739
1242,1376,0.606573732
1242,1388,0.807263205
1242,1407,0.528670124
1242,1411,0.793010022
1242,1413,0.907245986
1242,1417,0.489370211
1242,1423,0.19288743
1242,1425,0.603061575
1242,1433,0.701329227
1242,1435,0.63224437
1242,1436,0.615617532
1242,1437,0.392375525
1242,1438,0.512755094
1242,1439,0.721389
1242,1448,0.804825521
1242,1452,0.526745505
1242,1455,0.21706933
1242,1457,0.694462522
1242,1458,0.712650964
1242,1462,0.375168513
1243,1245,0.501990262
1243,1246,0.09654636
1243,1257,0.385897221
1243,1266,0.499354047
1243,1268,0.894276227
1243,1274,0.403291899
1243,1276,0.612320908
1243,1277,0.692778894
1243,1278,0.905060742
1243,1291,0.799086581
1243,1292,0.903006814
1243,1297,0.601370904
1243,1300,0.636381318
1243,1305,0.810065289
1243,1308,0.901449685
1243,1309,0.894348947
1243,1314,0.575166799
1243,1315,0.802350832
1243,1321,0.69027015
1243,1323,0.370088319
1243,1329,0.19462361
1243,1332,0.320997968
1243,1343,0.702029505
1243,1344,0.69237244
1243,1345,0.397674993
1243,1348,0.507379689
1243,1355,0.797455218
1243,1371,0.79569699
1243,1374,0.400051274
1243,1376,0.308838164
1243,1388,0.404976463
1243,1407,0.770979685
1243,1411,0.812097322
1243,1413,0.797747642
1243,1417,0.327525835
1243,1423,0.51937573
1243,1425,0.710261523
1243,1433,1
1243,1435,0.803904962
1243,1436,0.900756247
1243,1437,0.098484143
1243,1438,0.304373968
1243,1439,0.580405998
1243,1448,0.497935561
1243,1452,0
1243,1455,0.589285473
1243,1457,0.607185082
1243,1458,0.316849801
1243,1462,0.615062244
1245,1246,0.195101789
1245,1257,0.201929891
1245,1266,0.586585674
1245,1268,0.615547536
1245,1274,0.296585223
1245,1276,0.382867436
1245,1277,0.59068841
1245,1278,0.513483161
1245,1291,0.709579809
1245,1292,0.502432365
1245,1297,0.796281328
1245,1300,0.621647189
1245,1305,0.201364697
1245,1308,0.313796763
1245,1309,0.397179318
1245,1314,0
1245,1315,0.72236507
1245,1321,0.527666672
1245,1323,0.300459166
1245,1329,0.458853778
1245,1332,0.503546072
1245,1343,0.402051328
1245,1344,0.486889677
1245,1345,0.219893679
1245,1348,0.297447632
1245,1355,0.480188652
1245,1371,0.507218209
1245,1374,0.195561253
1245,1376,0.097830295
1245,1388,0.29247394
1245,1407,0.903916335
1245,1411,1
1245,1413,0.794611549
1245,1417,0.29346893
1245,1423,0.370316871
1245,1425,0.594783949
1245,1433,0.495485361
1245,1435,0.605695527
1245,1436,0.600277361
1245,1437,0.194134219
1245,1438,0.307043061
1245,1439,0.603497566
1245,1448,0.703616435
1245,1452,0.0950551
1245,1455,0.198622803
1245,1457,0.724280325
1245,1458,0.386126321
1245,1462,0.606830743
1246,1257,0.734162602
1246,1266,0.901071081
1246,1268,0.897735082
1246,1274,0.814321869
1246,1276,0.631984712
1246,1277,0.915171969
1246,1278,0.892155463
1246,1291,0.906458621
1246,1292,0.910837389
1246,1297,0.91670036
1246,1300,1
1246,1305,0.897709046
1246,1308,0.888749393
1246,1309,0.905959582
1246,1314,0.71776217
1246,1315,1
1246,1321,0.807238128
1246,1323,0.665759546
1246,1329,0.796398334
1246,1332,0.775286666
1246,1343,0.832316258
1246,1344,0.834532615
1246,1345,0.495731035
1246,1348,0.804492238
1246,1355,0.79947553
1246,1371,0.899511966
1246,1374,0.908218427
1246,1376,1
1246,1388,1
1246,1407,0.915393051
1246,1411,0.905121344
1246,1413,1
1246,1417,0.606361523
1246,1423,0.80209116
1246,1425,0.896462205
1246,1433,0.903711616
1246,1435,0.945572655
1246,1436,0.911474637
1246,1437,0.72185631
1246,1438,0.632657968
1246,1439,0.897383231
1246,1448,1
1246,1452,0.690220253
1246,1455,0.670031259
1246,1457,0.908136172
1246,1458,0.799133365
1246,1462,0.88654938
1257,1266,0.377628531
1257,1268,0.698490418
1257,1274,0.794634892
1257,1276,0.507683292
1257,1277,0.40486948
1257,1278,0.602239248
1257,1291,0.798628565
1257,1292,0.791473135
1257,1297,0.299030017
1257,1300,0.80360053
1257,1305,0.512297911
1257,1308,0.502083618
1257,1309,1
1257,1314,0.60997655
1257,1315,0.901823467
1257,1321,0.199162807
1257,1323,0.531350386
1257,1329,0.272843889
1257,1332,0.488107922
1257,1343,0.495423914
1257,1344,0.795873042
1257,1345,0.478610097
1257,1348,0.599903058
1257,1355,0.793021006
1257,1371,0.706777212
1257,1374,0.392319103
1257,1376,0.683333585
1257,1388,0.698438728
1257,1407,0.792730949
1257,1411,0.902836061
1257,1413,1
1257,1417,0.306834227
1257,1423,0.399025937
1257,1425,0.802301312
1257,1433,0.513217229
1257,1435,0.75805639
1257,1436,0.600179925
1257,1437,0.198847798
1257,1438,0.306886031
1257,1439,0.612842332
1257,1448,0.773217477
1257,1452,0.091484512
1257,1455,0.398279051
1257,1457,0.7743829
1257,1458,0.289827251
1257,1462,0.690658835
1266,1268,0.490650696
1266,1274,0.187817475
1266,1276,0.189418181
1266,1277,0.495464816
1266,1278,0.405116624
1266,1291,0.892822003
1266,1292,0.490401843
1266,1297,0.404751551
1266,1300,0.543791335
1266,1305,0.398804229
1266,1308,0.50315843
1266,1309,0.722272834
1266,1314,0.280804619
1266,1315,0.698441494
1266,1321,0.298812375
1266,1323,0.388742718
1266,1329,0.5873234
1266,1332,0.206927023
1266,1343,0.387119506
1266,1344,0.136104903
1266,1345,0.307415285
1266,1348,0.300803314
1266,1355,0.392295052
1266,1371,0.55911073
1266,1374,0.191272839
1266,1376,0.396060205
1266,1388,0.282203786
1266,1407,0.686477295
1266,1411,0.796908751
1266,1413,0.800214309
1266,1417,0.320511274
1266,1423,0.294150126
1266,1425,0.591062888
1266,1433,0.297380388
1266,1435,0.403324372
1266,1436,0.552843416
1266,1437,0.062680739
1266,1438,0.521342799
1266,1439,0.527293292
1266,1448,0.600427314
1266,1452,0.21728642
1266,1455,0.296342323
1266,1457,0.496259171
1266,1458,0.274772046
1266,1462,0.410288549
1268,1274,0.405083466
1268,1276,0.599378262
1268,1277,0.704488524
1268,1278,0.689115363
1268,1291,0.786363589
1268,1292,0.603492401
1268,1297,0.491145128
1268,1300,0.604740201
1268,1305,0.390471646
1268,1308,0.585909407
1268,1309,0.600101601
1268,1314,0.509693673
1268,1315,0.399432412
1268,1321,0.441683472
1268,1323,0.598011838
1268,1329,0.443079872
1268,1332,0.600385725
1268,1343,0.401963989
1268,1344,0.399825013
1268,1345,0.197386964
1268,1348,0.694519703
1268,1355,0.67141017
1268,1371,0.703135292
1268,1374,0.490811783
1268,1376,0.492675838
1268,1388,0.407243821
1268,1407,0.589234741
1268,1411,0.585017574
1268,1413,0.697598677
1268,1417,0.200831469
1268,1423,0.289459481
1268,1425,0.507806592
1268,1433,0.499450838
1268,1435,0.682490777
1268,1436,0.802010227
1268,1437,0.196619518
1268,1438,0.696471618
1268,1439,0.609755318
1268,1448,0.715018245
1268,1452,0
1268,1455,0.197488029
1268,1457,0.703861435
1268,1458,0.146578746
1268,1462,0.412282561
1274,1276,0.47939844
1274,1277,0.697158783
1274,1278,0.492089356
1274,1291,0.903588146
1274,1292,0.698026404
1274,1297,0.686596021
1274,1300,0.592792219
1274,1305,0.791652255
1274,1308,0.6896505
1274,1309,0.694838338
1274,1314,0.459798875
1274,1315,0.695630303
1274,1321,0.273575997
1274,1323,0.38135483
1274,1329,0.332174992
1274,1332,0.392611735
1274,1343,0.395908193
1274,1344,0.608048581
1274,1345,0.305898214
1274,1348,0.38721745
1274,1355,0.598356642
1274,1371,0.900780501
1274,1374,0.491641551
1274,1376,0.511102451
1274,1388,0.380798295
1274,1407,0.585545204
1274,1411,0.613860712
1274,1413,0.706481608
1274,1417,0.338602624
1274,1423,0.589800569
1274,1425,0.619716569
1274,1433,0.689841486
1274,1435,0.490917806
1274,1436,0.793618087
1274,1437,0.37664298
1274,1438,0.401028854
1274,1439,0.515040367
1274,1448,0.426758811
1274,1452,0.077639244
1274,1455,0.409818982
1274,1457,0.490276906
1274,1458,0.292000015
1274,1462,0.500927393
1276,1277,0.470325621
1276,1278,0.761472425
1276,1291,0.696947783
1276,1292,0.795228486
1276,1297,0.601175609
1276,1300,0.685182288
1276,1305,0.801895994
1276,1308,0.694034201
1276,1309,0.785930514
1276,1314,0.60702458
1276,1315,0.906290514
1276,1321,0.368480045
1276,1323,0.494310781
1276,1329,0.275922149
1276,1332,0.664579875
1276,1343,0.799509703
1276,1344,0.702456514
1276,1345,0.581965531
1276,1348,0.490052546
1276,1355,0.615061333
1276,1371,0.905685833
1276,1374,0.603787076
1276,1376,0.610377485
1276,1388,0.811265603
1276,1407,0.722259752
1276,1411,1
1276,1413,0.796097813
1276,1417,0.480581154
1276,1423,0.512837594
1276,1425,0.694734765
1276,1433,0.604364313
1276,1435,0.690168849
1276,1436,0.806050465
1276,1437,0.416505088
1276,1438,0.610601425
1276,1439,0.60603761
1276,1448,0.802273904
1276,1452,0.184120035
1276,1455,0.39804478
1276,1457,0.711084229
1276,1458,0.767631324
1276,1462,0.574546896
1277,1278,0.320398743
1277,1291,0.894848562
1277,1292,0.508323359
1277,1297,0.178480616
1277,1300,0.299429543
1277,1305,0.226139398
1277,1308,0.165898753
1277,1309,0.490084936
1277,1314,0
1277,1315,0.49488617
1277,1321,0.294784912
1277,1323,0.374771416
1277,1329,0.193014456
1277,1332,0.295778113
1277,1343,0
1277,1344,0.310009026
1277,1345,0.146695776
1277,1348,0.484129587
1277,1355,0.357090562
1277,1371,0.295476547
1277,1374,0.497920476
1277,1376,0.501428991
1277,1388,0.126463456
1277,1407,0.475982597
1277,1411,0.806284402
1277,1413,0.598852756
1277,1417,0.186518964
1277,1423,0.196183279
1277,1425,0.098389369
1277,1433,0.496488971
1277,1435,0.377340047
1277,1436,0.496366786
1277,1437,0.204566355
1277,1438,0.475652623
1277,1439,0.187770574
1277,1448,0.382926586
1277,1452,0
1277,1455,0.092080069
1277,1457,0.095948285
1277,1458,0.297501196
1277,1462,0.208453179
1278,1291,0.893693284
1278,1292,0.591318729
1278,1297,0.697666092
1278,1300,0.791757203
1278,1305,0.392014773
1278,1308,0.633262346
1278,1309,1
1278,1314,0.304198371
1278,1315,1
1278,1321,0.584363638
1278,1323,0.518310682
1278,1329,0.187214868
1278,1332,0.603184634
1278,1343,0.79658778
1278,1344,0.602132209
1278,1345,0.537483071
1278,1348,0.680736573
1278,1355,0.783495833
1278,1371,0.587935803
1278,1374,0.289499643
1278,1376,0.29267827
1278,1388,0.613659703
1278,1407,0.723439931
1278,1411,0.807770107
1278,1413,0.504186946
1278,1417,0.299389937
1278,1423,0.476895287
1278,1425,0.616640294
1278,1433,0.49097528
1278,1435,0.716984344
1278,1436,0.804102124
1278,1437,0.309414598
1278,1438,0.301880389
1278,1439,0.603024659
1278,1448,0.805484703
1278,1452,0
1278,1455,0.501119403
1278,1457,0.716860236
1278,1458,0.236301565
1278,1462,0.595711325
1291,1292,0.092710544
1291,1297,0.288087807
1291,1300,0.294435811
1291,1305,0
1291,1308,0.198861058
1291,1309,0.202190619
1291,1314,0
1291,1315,0.408714144
1291,1321,0.11810462
1291,1323,0.102995828
1291,1329,0.390269569
1291,1332,0.302353422
1291,1343,0.191739874
1291,1344,0.303915181
1291,1345,0.302739489
1291,1348,0.207980022
1291,1355,0.289058069
1291,1371,0.395095665
1291,1374,0
1291,1376,0.303771805
1291,1388,0
1291,1407,0.298781837
1291,1411,0.311071107
1291,1413,0.479109645
1291,1417,0
1291,1423,0.099170736
1291,1425,0.101339903
1291,1433,0.197537637
1291,1435,0.098683642
1291,1436,0.093564945
1291,1437,0.205358222
1291,1438,0.192334025
1291,1439,0.108481023
1291,1448,0.397445087
1291,1452,0
1291,1455,0
1291,1457,0.194005149
1291,1458,0
1291,1462,0.102005944
1292,1297,0.603591114
1292,1300,0.507893585
1292,1305,0.501658417
1292,1308,0.396242356
1292,1309,0.395761555
1292,1314,0.304063021
1292,1315,0.615405132
1292,1321,0.490135193
1292,1323,0.40584435
1292,1329,0.278326799
1292,1332,0.104410065
1292,1343,0.290807974
1292,1344,0.401359057
1292,1345,0.102900488
1292,1348,0.506737058
1292,1355,0.46937996
1292,1371,0.611876163
1292,1374,0.201871661
1292,1376,0.300038343
1292,1388,0.096204779
1292,1407,0.489213702
1292,1411,0.899869903
1292,1413,0.532767631
1292,1417,0.119411668
1292,1423,0.29222068
1292,1425,0.300529123
1292,1433,0.541735537
1292,1435,0.712566794
1292,1436,0.60169599
1292,1437,0.287262183
1292,1438,0.203449235
1292,1439,0.798150171
1292,1448,0.713951288
1292,1452,0
1292,1455,0.18237785
1292,1457,0.299362341
1292,1458,0.500148319
1292,1462,0.403251774
1297,1300,0.702479362
1297,1305,0.206248401
1297,1308,0.212890166
1297,1309,0.595715602
1297,1314,0.296197947
1297,1315,0.294757181
1297,1321,0.32601045
1297,1323,0.388272165
1297,1329,0.284194141
1297,1332,0.2876077
1297,1343,0.27101011
1297,1344,0.489693244
1297,1345,0.188461415
1297,1348,0.467321812
1297,1355,0.53057934
1297,1371,0.503222324
1297,1374,0.289228974
1297,1376,0.508740718
1297,1388,0.176903603
1297,1407,0.711067047
1297,1411,0.705476827
1297,1413,0.802715322
1297,1417,0.180645696
1297,1423,0.319851859
1297,1425,0.192325827
1297,1433,0.279852113
1297,1435,0.698932702
1297,1436,0.403595023
1297,1437,0.092427358
1297,1438,0.391476498
1297,1439,0.18721771
1297,1448,0.389508232
1297,1452,0
1297,1455,0
1297,1457,0.387551056
1297,1458,0.182377333
1297,1462,0.295292076
1300,1305,0.618603886
1300,1308,0.306666739
1300,1309,0.904586576
1300,1314,0.39622804
1300,1315,0.503829209
1300,1321,0.301882094
1300,1323,0.418651554
1300,1329,0.36651348
1300,1332,0.378541258
1300,1343,0
1300,1344,0.193827872
1300,1345,0.390298929
1300,1348,0.398485414
1300,1355,0.478978008
1300,1371,0.504384185
1300,1374,0.283498468
1300,1376,0.386413158
1300,1388,0.095190813
1300,1407,0.192473698
1300,1411,0.815841773
1300,1413,0.795603684
1300,1417,0.299228696
1300,1423,0.298732668
1300,1425,0.608149693
1300,1433,0.505139312
1300,1435,0.401553369
1300,1436,0.593779024
1300,1437,0.188103994
1300,1438,0.485403646
1300,1439,0.602131582
1300,1448,0.1930839
1300,1452,0
1300,1455,0.090922684
1300,1457,0.290959454
1300,1458,0.405795777
1300,1462,0.194718186
1305,1308,0.687626777
1305,1309,0.606370857
1305,1314,0.298411049
1305,1315,0.679575691
1305,1321,0.613867303
1305,1323,0.387337484
1305,1329,0.400318871
1305,1332,0.383191724
1305,1343,0.810679591
1305,1344,0.629216496
1305,1345,0.325439345
1305,1348,0.391542924
1305,1355,0.79992241
1305,1371,0.596200074
1305,1374,0.303763106
1305,1376,0.392092388
1305,1388,0.599718059
1305,1407,0.902410832
1305,1411,0.89807495
1305,1413,0.712047104
1305,1417,0.218372991
1305,1423,0.187038879
1305,1425,0.496042643
1305,1433,0.503493921
1305,1435,1
1305,1436,0.812090644
1305,1437,0.297096311
1305,1438,0.577493256
1305,1439,0.391875314
1305,1448,0.688850908
1305,1452,0
1305,1455,0.196666788
1305,1457,0.817683182
1305,1458,0.290588485
1305,1462,0.687563376
1308,1309,0.495614808
1308,1314,0.197859814
1308,1315,0.298000748
1308,1321,0.429897328
1308,1323,0.593112417
1308,1329,0.37080612
1308,1332,0.414316391
1308,1343,0.502404447
1308,1344,0.476620774
1308,1345,0.198728219
1308,1348,0.613305482
1308,1355,0.686008673
1308,1371,0.594071151
1308,1374,0.590055393
1308,1376,0.391873731
1308,1388,0.510701798
1308,1407,0.689191043
1308,1411,0.504570065
1308,1413,0.70784178
1308,1417,0.378150524
1308,1423,0.197467942
1308,1425,0.409976506
1308,1433,0.809183238
1308,1435,0.580440945
1308,1436,0.706558788
1308,1437,0.394900072
1308,1438,0.608392313
1308,1439,0.904449001
1308,1448,0.79550854
1308,1452,0
1308,1455,0.394663018
1308,1457,0.701703303
1308,1458,0.272858812
1308,1462,0.46892549
1309,1314,0.098180784
1309,1315,0.405550719
1309,1321,0.194723659
1309,1323,0.207646856
1309,1329,0.282797371
1309,1332,0.197089472
1309,1343,0.598187256
1309,1344,0.308307695
1309,1345,0.208773269
1309,1348,0.198050058
1309,1355,0.287003639
1309,1371,0.195279185
1309,1374,0.097793026
1309,1376,0.306018418
1309,1388,0.100538716
1309,1407,0
1309,1411,0.488814745
1309,1413,0.293583159
1309,1417,0.268289019
1309,1423,0.093536727
1309,1425,0.300242095
1309,1433,0.387549654
1309,1435,0.381991266
1309,1436,0.50475054
1309,1437,0.382318523
1309,1438,0.59521978
1309,1439,0.403587281
1309,1448,0.094523521
1309,1452,0.092128634
1309,1455,0
1309,1457,0.096624785
1309,1458,0.09967483
1309,1462,0.390078565
1314,1315,1
1314,1321,0.710259151
1314,1323,0.372863975
1314,1329,0.505349691
1314,1332,0.437187497
1314,1343,0.699696156
1314,1344,0.600489492
1314,1345,0.593893474
1314,1348,0.609013599
1314,1355,0.69461102
1314,1371,0.903470247
1314,1374,0.783328388
1314,1376,1
1314,1388,0.605095893
1314,1407,0.307113773
1314,1411,0.69054232
1314,1413,0.704372608
1314,1417,0.495399608
1314,1423,0.77987008
1314,1425,0.816689061
1314,1433,0.702381644
1314,1435,0.814567372
1314,1436,0.597104708
1314,1437,0.42200027
1314,1438,0.644785609
1314,1439,0.906703299
1314,1448,0.825672273
1314,1452,0.683526924
1314,1455,0.492816963
1314,1457,0.802568466
1314,1458,0.491477512
1314,1462,0.587895724
1315,1321,0.301531939
1315,1323,0
1315,1329,0.470120941
1315,1332,0.395495871
1315,1343,0.287616321
1315,1344,0.49862508
1315,1345,0.104367564
1315,1348,0.498854759
1315,1355,0.39674944
1315,1371,0.403541681
1315,1374,0.388743156
1315,1376,0.480278144
1315,1388,0.098193202
1315,1407,0.50929753
1315,1411,0.692703623
1315,1413,0.209175294
1315,1417,0.279405744
1315,1423,0.18145881
1315,1425,0.094342546
1315,1433,0.302071171
1315,1435,0.521374545
1315,1436,0.409998161
1315,1437,0.290383735
1315,1438,0.204666161
1315,1439,0.201455621
1315,1448,0.604917271
1315,1452,0.096384233
1315,1455,0.29323311
1315,1457,0.196244667
1315,1458,0.207347063
1315,1462,0.409727518
1321,1323,0.309253509
1321,1329,0.178665907
1321,1332,0.500331683
1321,1343,0.181788968
1321,1344,0.590461667
1321,1345,0.290601746
1321,1348,0.506235869
1321,1355,0.481598155
1321,1371,0.69461678
1321,1374,0.397244123
1321,1376,0.484055696
1321,1388,0.383082882
1321,1407,0.600161154
1321,1411,0.705146915
1321,1413,0.602255883
1321,1417,0.288730632
1321,1423,0.387499778
1321,1425,0.51714254
1321,1433,0.700576464
1321,1435,0.48535057
1321,1436,0.604192682
1321,1437,0.093714073
1321,1438,0.59546445
1321,1439,0.499380707
1321,1448,0.592020791
1321,1452,0
1321,1455,0.276958847
1321,1457,0.484636315
1321,1458,0.380627349
1321,1462,0.684539725
1323,1329,0.559856378
1323,1332,0.511063026
1323,1343,0.591610669
1323,1344,0.59045882
1323,1345,0.399259966
1323,1348,0.594862913
1323,1355,0.576098645
1323,1371,0.789468141
1323,1374,0.601640782
1323,1376,0.497554232
1323,1388,0.597395421
1323,1407,0.816052883
1323,1411,0.902298287
1323,1413,1
1323,1417,0.580160651
1323,1423,0.599738689
1323,1425,0.421965949
1323,1433,0.701863589
1323,1435,0.672636425
1323,1436,0.588313176
1323,1437,0.295809717
1323,1438,0.866211449
1323,1439,0.131058532
1323,1448,0.798138351
1323,1452,0.237747955
1323,1455,0.297682951
1323,1457,0.799362277
1323,1458,0.700020273
1323,1462,0.907739918
1329,1332,0.533173415
1329,1343,0.497150632
1329,1344,0.385003223
1329,1345,0.199163682
1329,1348,0.60190111
1329,1355,0.788718762
1329,1371,0.643836082
1329,1374,0.504781051
1329,1376,0.608331875
1329,1388,0.471308844
1329,1407,0.728284582
1329,1411,0.901192108
1329,1413,0.696295099
1329,1417,0.388213214
1329,1423,0.63680166
1329,1425,0.603784355
1329,1433,0.601331636
1329,1435,0.695129818
1329,1436,0.49675995
1329,1437,0.294157856
1329,1438,0.197021174
1329,1439,0.409308258
1329,1448,0.596932891
1329,1452,0.601098712
1329,1455,0.601242642
1329,1457,0.624357625
1329,1458,0.455663605
1329,1462,0.61045148
1332,1343,0.388654625
1332,1344,0.600156629
1332,1345,0.379958429
1332,1348,0.517059439
1332,1355,0.595202373
1332,1371,0.700522131
1332,1374,0.477975898
1332,1376,0.268217357
1332,1388,0.618772679
1332,1407,0.58542223
1332,1411,0.815124459
1332,1413,0.902698244
1332,1417,0.320881873
1332,1423,0.391009334
1332,1425,0.68430488
1332,1433,0.504294383
1332,1435,0.377688798
1332,1436,0.594764915
1332,1437,0.105154477
1332,1438,0.583601194
1332,1439,0.782638401
1332,1448,0.904366668
1332,1452,0.082599004
1332,1455,0.469302222
1332,1457,0.710823633
1332,1458,0.282307418
1332,1462,0.592913652
1343,1344,0.619338653
1343,1345,0.098048635
1343,1348,0.515148133
1343,1355,0.559190091
1343,1371,0.509456938
1343,1374,0.196580099
1343,1376,0.516640063
1343,1388,0.182256331
1343,1407,0.807758911
1343,1411,0.715214565
1343,1413,0.816920692
1343,1417,0.193046988
1343,1423,0.202453863
1343,1425,0.201163366
1343,1433,0.525364156
1343,1435,0.903952682
1343,1436,0.503478665
1343,1437,0.179883736
1343,1438,0.599604775
1343,1439,0.40339885
1343,1448,0.605779
1343,1452,0
1343,1455,0.195200754
1343,1457,0.598232418
1343,1458,0.508792027
1343,1462,0.605129682
1344,1345,0.308361805
1344,1348,0.4997844
1344,1355,0.588120052
1344,1371,0.401512125
1344,1374,0.388075109
1344,1376,0.606306837
1344,1388,0.29226518
1344,1407,0.480806172
1344,1411,0.903922909
1344,1413,0.803968577
1344,1417,0.314411693
1344,1423,0.488364757
1344,1425,0.700949206
1344,1433,0.397541265
1344,1435,0.595167515
1344,1436,0.399053063
1344,1437,0.087499197
1344,1438,0.60273538
1344,1439,0.688329825
1344,1448,0.470443336
1344,1452,0
1344,1455,0.094367442
1344,1457,0.378486689
1344,1458,0.200990532
1344,1462,0.297337055
1345,1348,0.504423322
1345,1355,0.897229893
1345,1371,1
1345,1374,0.894653567
1345,1376,0.784864026
1345,1388,0.343968225
1345,1407,1
1345,1411,0.913250819
1345,1413,0.806537803
1345,1417,0.479552018
1345,1423,0.304781029
1345,1425,0.879072809
1345,1433,1
1345,1435,0.808849114
1345,1436,0.71329401
1345,1437,0.279471028
1345,1438,0.813258119
1345,1439,0.883050479
1345,1448,0.890881921
1345,1452,0.38641164
1345,1455,0.710938762
1345,1457,0.897678838
1345,1458,0.456989833
1345,1462,0.808827549
1348,1355,0.596894157
1348,1371,0.714393146
1348,1374,0.398877131
1348,1376,0.615017305
1348,1388,0.41548054
1348,1407,0.695290277
1348,1411,0.899290528
1348,1413,0.900038211
1348,1417,0.38530692
1348,1423,0.292189378
1348,1425,0.495924026
1348,1433,0.700649494
1348,1435,0.61035544
1348,1436,1
1348,1437,0.305440422
1348,1438,0.320884232
1348,1439,0.801619629
1348,1448,0.610518489
1348,1452,0.097306446
1348,1455,0.297322186
1348,1457,0.611430518
1348,1458,0.21021943
1348,1462,0.403298027
1355,1371,0.308169433
1355,1374,0.385336073
1355,1376,0.393124591
1355,1388,0.194323041
1355,1407,0.48531584
1355,1411,0.534608859
1355,1413,0.378125047
1355,1417,0.096272436
1355,1423,0.111556527
1355,1425,0.311112691
1355,1433,0.202883025
1355,1435,0.293021419
1355,1436,0.280054138
1355,1437,0.097244047
1355,1438,0.207199794
1355,1439,0.38929136
1355,1448,0.399612775
1355,1452,0
1355,1455,0.197071643
1355,1457,0.405171468
1355,1458,0.296994245
1355,1462,0.215257482
1371,1374,0.411237389
1371,1376,0.284658051
1371,1388,0.295456969
1371,1407,0.691939868
1371,1411,0.589848104
1371,1413,0.698008688
1371,1417,0.377175414
1371,1423,0.108659019
1371,1425,0.296830249
1371,1433,0.701957211
1371,1435,0.520178604
1371,1436,0.504448073
1371,1437,0.282721726
1371,1438,0.493377231
1371,1439,0.600253915
1371,1448,0.383026448
1371,1452,0
1371,1455,0.490810619
1371,1457,0.370773261
1371,1458,0.391981885
1371,1462,0.639275667
1374,1376,0.311947828
1374,1388,0.296197753
1374,1407,0.527618804
1374,1411,0.701230273
1374,1413,1
1374,1417,0.4027117
1374,1423,0.599772028
1374,1425,0.811053358
1374,1433,0.600969436
1374,1435,0.730460256
1374,1436,0.801081324
1374,1437,0.190610139
1374,1438,0.495330461
1374,1439,0.670014043
1374,1448,0.679139794
1374,1452,0.157739343
1374,1455,0.585873363
1374,1457,0.524286039
1374,1458,0.429595106
1374,1462,0.614029407
1376,1388,0.500626853
1376,1407,0.899859502
1376,1411,0.615297494
1376,1413,0.700182941
1376,1417,0.392474417
1376,1423,0.709197099
1376,1425,0.47923139
1376,1433,0.307329864
1376,1435,0.602091742
1376,1436,0.501927048
1376,1437,0.089789818
1376,1438,0.604381131
1376,1439,0.67781319
1376,1448,0.578025021
1376,1452,0.190991403
1376,1455,0.289757803
1376,1457,0.522636402
1376,1458,0.192056041
1376,1462,0.590727484
1388,1407,0.912324397
1388,1411,1
1388,1413,0.721631985
1388,1417,0.556862201
1388,1423,0.704892369
1388,1425,0.813808015
1388,1433,0.5253258
1388,1435,0.905547691
1388,1436,0.5002937
1388,1437,0.603495523
1388,1438,0.699582317
1388,1439,0.798354693
1388,1448,0.695501382
1388,1452,0.476559121
1388,1455,0.399572474
1388,1457,0.820085111
1388,1458,0.728232013
1388,1462,0.701790984
1407,1411,0.603701669
1407,1413,0.510828243
1407,1417,0.188211356
1407,1423,0.207844882
1407,1425,0.190493683
1407,1433,0.305885466
1407,1435,0.514814049
1407,1436,0.605680401
1407,1437,0.266844124
1407,1438,0.379040915
1407,1439,0.462939981
1407,1448,0.686636222
1407,1452,0
1407,1455,0.087585178
1407,1457,0.197893091
1407,1458,0.093361636
1407,1462,0.300553843
1411,1413,0.202144938
1411,1417,0
1411,1423,0.108111612
1411,1425,0.204292884
1411,1433,0.194099292
1411,1435,0.1982478
1411,1436,0.099976718
1411,1437,0
1411,1438,0.09334274
1411,1439,0.196790372
1411,1448,0.491243201
1411,1452,0
1411,1455,0.199735171
1411,1457,0.194501992
1411,1458,0
1411,1462,0.308436917
1413,1417,0.184678139
1413,1423,0.087357454
1413,1425,0.288839544
1413,1433,0.413669975
1413,1435,0.192274471
1413,1436,0.30746123
1413,1437,0.28161518
1413,1438,0.391559308
1413,1439,0.489531459
1413,1448,0.201063902
1413,1452,0
1413,1455,0
1413,1457,0.191992637
1413,1458,0.093615429
1413,1462,0.394902887
1417,1423,0.789730466
1417,1425,0.862975587
1417,1433,0.880722086
1417,1435,0.89572998
1417,1436,0.877370862
1417,1437,0.582860097
1417,1438,0.704229629
1417,1439,0.825445944
1417,1448,0.915777381
1417,1452,0.50125184
1417,1455,0.792707942
1417,1457,0.817726368
1417,1458,0.425626664
1417,1462,0.780344907
1423,1425,0.325394925
1423,1433,0.392471189
1423,1435,0.73093774
1423,1436,0.308176126
1423,1437,0.271477674
1423,1438,0.511628093
1423,1439,0.612442136
1423,1448,0.514165151
1423,1452,0.397120796
1423,1455,0
1423,1457,0.625299343
1423,1458,0.093935103
1423,1462,0.318916293
1425,1433,0.496648736
1425,1435,0.409318796
1425,1436,0.393734754
1425,1437,0.288575347
1425,1438,0.655827373
1425,1439,0.492006837
1425,1448,0.674230632
1425,1452,0.296870001
1425,1455,0.290407027
1425,1457,0.419063696
1425,1458,0.090629637
1425,1462,0.196417046
1433,1435,0.481382019
1433,1436,0.597212545
1433,1437,0.288954351
1433,1438,0.308957641
1433,1439,1
1433,1448,0.626944111
1433,1452,0.087986791
1433,1455,0.284458344
1433,1457,0.486892456
1433,1458,0.299179113
1433,1462,0.406342196
1435,1436,0.495182988
1435,1437,0.189445499
1435,1438,0.581985382
1435,1439,0.404719393
1435,1448,0.493349827
1435,1452,0
1435,1455,0.095188278
1435,1457,0.50747796
1435,1458,0.191238194
1435,1462,0.518875692
1436,1437,0.477842383
1436,1438,0.506481021
1436,1439,0.635764072
1436,1448,0.629007642
1436,1452,0
1436,1455,0.089597128
1436,1457,0.520171908
1436,1458,0.197775502
1436,1462,0.398347677
1437,1438,0.785086698
1437,1439,0.811916152
1437,1448,0.806610274
1437,1452,0.181285672
1437,1455,0.634599517
1437,1457,0.918322546
1437,1458,0.615345699
1437,1462,0.866681601
1438,1439,0.861480393
1438,1448,0.790557078
1438,1452,0.39528265
1438,1455,0.601220026
1438,1457,0.910968446
1438,1458,0.363724032
1438,1462,0.405124516
1439,1448,0.719033094
1439,1452,0.294830508
1439,1455,0.302087877
1439,1457,1
1439,1458,0.180969214
1439,1462,0.296397804
1448,1452,0.215970541
1448,1455,0.205285471
1448,1457,0.695400614
1448,1458,0.110400451
1448,1462,0
1452,1455,0.793780347
1452,1457,0.574988148
1452,1458,0.552160548
1452,1462,0.60438981
1455,1457,1
1455,1458,0.494705755
1455,1462,0.794618986
1457,1458,0.091981901
1457,1462,0.395988799
1458,1462,0.889197177
