1112.0,1116.0,0.47085410639216096
1112.0,1124.0,0.35269488824645145
1112.0,1137.0,0.6251621462706916
1112.0,1139.0,0.464566942911699
1112.0,1153.0,0.30493132521881017
1112.0,1166.0,0.4726126942826684
1112.0,1173.0,0.5302154372330494
1112.0,1181.0,0.31694810648588345
1112.0,1190.0,0.4206542067006078
1112.0,1195.0,0.705178842940022
1112.0,1196.0,0.4306354345214495
1112.0,1199.0,0.3387153260669885
1112.0,1211.0,0.30989402647100905
1112.0,1233.0,0.7004061659485956
1112.0,1235.0,0.44055084470544703
1112.0,1240.0,0.7272656615096232
1112.0,1242.0,0.35339322476705015
1112.0,1243.0,0.40601907542593574
1112.0,1245.0,0.5980197389439909
1112.0,1246.0,0.20242763360354132
1112.0,1257.0,0.4189329200554648
1112.0,1266.0,0.4318513866310031
1112.0,1268.0,0.5625260937520808
1112.0,1274.0,0.4991642611597509
1112.0,1276.0,0.4044402928760421
1112.0,1277.0,0.6022779759086501
1112.0,1278.0,0.5190304814003589
1112.0,1291.0,0.8778123971721854
1112.0,1292.0,0.6072137065329559
1112.0,1297.0,0.6811203479464286
1112.0,1300.0,0.7163910302575243
1112.0,1305.0,0.5344446665933469
1112.0,1308.0,0.6047306506442365
1112.0,1309.0,0.8060748371390899
1112.0,1314.0,0.3227554749593433
1112.0,1315.0,0.7372668764442278
1112.0,1321.0,0.4374289171407505
1112.0,1323.0,0.3188976542150982
1112.0,1329.0,0.49075778525774194
1112.0,1332.0,0.3672294764715698
1112.0,1343.0,0.6190722730025513
1112.0,1344.0,0.6647248385127376
1112.0,1345.0,0.3152720099620884
1112.0,1348.0,0.43251790885999697
1112.0,1355.0,0.8200382906819161
1112.0,1371.0,0.6759829292791113
1112.0,1374.0,0.48882207983872616
1112.0,1376.0,0.5535487112943343
1112.0,1388.0,0.3853053756487662
1112.0,1407.0,0.6620175586509596
1112.0,1411.0,0.8468495273516645
1112.0,1413.0,0.7634083309578283
1112.0,1417.0,0.2877231272137327
1112.0,1423.0,0.4837786709154386
1112.0,1425.0,0.39145247701634456
1112.0,1433.0,0.5418664525424783
1112.0,1435.0,0.6750918722391646
1112.0,1436.0,0.5884002236070816
1112.0,1437.0,0.3623379822995092
1112.0,1438.0,0.41002070667615864
1112.0,1439.0,0.530068803974478
1112.0,1448.0,0.5656661259703442
1112.0,1452.0,0.15938056725245742
1112.0,1455.0,0.30663244060283834
1112.0,1457.0,0.6369212865718408
1112.0,1458.0,0.3025225246361197
1112.0,1462.0,0.4398105079856559
1116.0,1124.0,0.3747945085174974
1116.0,1137.0,0.6472628803900073
1116.0,1139.0,0.4883875208862646
1116.0,1153.0,0.3255432711795412
1116.0,1166.0,0.49646329795716715
1116.0,1173.0,0.5539197944102054
1116.0,1181.0,0.33797736041802284
1116.0,1190.0,0.44409066931887853
1116.0,1195.0,0.7246397627565628
1116.0,1196.0,0.4541920286270843
1116.0,1199.0,0.36042673519755086
1116.0,1211.0,0.33068183364093884
1116.0,1233.0,0.720057061184671
1116.0,1235.0,0.4642076141850895
1116.0,1240.0,0.7457942093786643
1116.0,1242.0,0.37551121807974663
1116.0,1243.0,0.4292442812635573
1116.0,1245.0,0.6207499776347647
1116.0,1246.0,0.21828679105420723
1116.0,1257.0,0.4423467049299492
1116.0,1266.0,0.4554212919444598
1116.0,1268.0,0.5858734957606687
1116.0,1274.0,0.5230259457692465
1116.0,1276.0,0.42764020797456426
1116.0,1277.0,0.6249184514572819
1116.0,1278.0,0.5428125707490872
1116.0,1291.0,0.8876927481534231
1116.0,1292.0,0.6297459407504664
1116.0,1297.0,0.7014971136428121
1116.0,1300.0,0.735389559327942
1116.0,1305.0,0.5581134736410325
1116.0,1308.0,0.6273179015244185
1116.0,1309.0,0.8205703145085104
1116.0,1314.0,0.34397600392929495
1116.0,1315.0,0.7553445476620009
1116.0,1321.0,0.4610562026753653
1116.0,1323.0,0.3399918741257343
1116.0,1329.0,0.5146305384412647
1116.0,1332.0,0.38969154671387274
1116.0,1343.0,0.6413260654063125
1116.0,1344.0,0.6856657903573892
1116.0,1345.0,0.33624480023746384
1116.0,1348.0,0.4560949888465081
1116.0,1355.0,0.8337053555805741
1116.0,1371.0,0.6965417207621973
1116.0,1374.0,0.5126954715489376
1116.0,1376.0,0.5770149622852798
1116.0,1388.0,0.4081599066129312
1116.0,1407.0,0.6830469773664893
1116.0,1411.0,0.8588309554789062
1116.0,1413.0,0.7802234918144935
1116.0,1417.0,0.3076867912109722
1116.0,1423.0,0.5076503628583009
1116.0,1425.0,0.4144258011719887
1116.0,1433.0,0.5654647225805459
1116.0,1435.0,0.6956817487139815
1116.0,1436.0,0.6113208725943285
1116.0,1437.0,0.3846827485174089
1116.0,1438.0,0.43330783107512505
1116.0,1439.0,0.5537743331741434
1116.0,1448.0,0.5889683970078536
1116.0,1452.0,0.17259703208625132
1116.0,1455.0,0.3273052268951454
1116.0,1457.0,0.6587071989967436
1116.0,1458.0,0.323047322490972
1116.0,1462.0,0.4634604564633704
1124.0,1137.0,0.7565269414521236
1124.0,1139.0,0.6178055228395462
1124.0,1153.0,0.4497428545613701
1124.0,1166.0,0.6254053203909241
1124.0,1173.0,0.6777003533493791
1124.0,1181.0,0.46365958487078374
1124.0,1190.0,0.5749621415920945
1124.0,1195.0,0.8167223331659932
1124.0,1196.0,0.5849082155474362
1124.0,1199.0,0.48829961989747883
1124.0,1211.0,0.45551780496602046
1124.0,1233.0,0.8132772350166626
1124.0,1235.0,0.5946657769938478
1124.0,1240.0,0.8324383712781921
1124.0,1242.0,0.5045142245707521
1124.0,1243.0,0.5601491218807091
1124.0,1245.0,0.7348625531626906
1124.0,1246.0,0.3210445163439485
1124.0,1257.0,0.5732341940420449
1124.0,1266.0,0.5861113550606252
1124.0,1268.0,0.7055014620355555
1124.0,1274.0,0.6499618193973222
1124.0,1276.0,0.5585345740022332
1124.0,1277.0,0.7383055396040612
1124.0,1278.0,0.6678269598740882
1124.0,1291.0,0.9304802297436306
1124.0,1292.0,0.7422755342204808
1124.0,1297.0,0.7991739613410145
1124.0,1300.0,0.8247467171418805
1124.0,1305.0,0.6813996699182576
1124.0,1308.0,0.7402810964201654
1124.0,1309.0,0.8856358905582726
1124.0,1314.0,0.47030422506721803
1124.0,1315.0,0.8394343670090294
1124.0,1321.0,0.5916066253012285
1124.0,1323.0,0.46589603069427077
1124.0,1329.0,0.6422725296220728
1124.0,1332.0,0.5195134437432061
1124.0,1343.0,0.751723719838804
1124.0,1344.0,0.7869496841841599
1124.0,1345.0,0.4617321021025793
1124.0,1348.0,0.5867700738630729
1124.0,1355.0,0.8946195375632922
1124.0,1371.0,0.795367073749741
1124.0,1374.0,0.6404908513843925
1124.0,1376.0,0.6978823026634263
1124.0,1388.0,0.5387036554241431
1124.0,1407.0,0.7849099935348212
1124.0,1411.0,0.9115183427697732
1124.0,1413.0,0.8573768428068292
1124.0,1417.0,0.4294112338581114
1124.0,1423.0,0.6358290294854597
1124.0,1425.0,0.5451277244323354
1124.0,1433.0,0.6878470452259468
1124.0,1435.0,0.7947046193526336
1124.0,1436.0,0.7270229366892293
1124.0,1437.0,0.514241992219177
1124.0,1438.0,0.5642268473955815
1124.0,1439.0,0.6775717605574858
1124.0,1448.0,0.7081476992288132
1124.0,1452.0,0.26102848247760657
1124.0,1455.0,0.45172679898986556
1124.0,1457.0,0.7657094487801721
1124.0,1458.0,0.446925662868784
1124.0,1462.0,0.593941407846927
1137.0,1139.0,0.3475770897665653
1137.0,1153.0,0.2122091376245231
1137.0,1166.0,0.35493983877116975
1137.0,1173.0,0.40933210499402883
1137.0,1181.0,0.22173759396005277
1137.0,1190.0,0.308354234778195
1137.0,1195.0,0.5949209300828452
1137.0,1196.0,0.31712942647146014
1137.0,1199.0,0.2392563792222714
1137.0,1211.0,0.21613203818030025
1137.0,1233.0,0.5894026300516723
1137.0,1235.0,0.3259274173022858
1137.0,1240.0,0.620826396327828
1137.0,1242.0,0.25126193381047146
1137.0,1243.0,0.29563244698856683
1137.0,1245.0,0.47738655645056605
1137.0,1246.0,0.13482823622231732
1137.0,1257.0,0.3068490860748011
1137.0,1266.0,0.3182039990370077
1137.0,1268.0,0.44119445307046024
1137.0,1274.0,0.37963935500210444
1137.0,1276.0,0.2942702462926037
1137.0,1277.0,0.4818153900245795
1137.0,1278.0,0.39853390640489894
1137.0,1291.0,0.8151969397089114
1137.0,1292.0,0.4869726535810136
1137.0,1297.0,0.567384766642159
1137.0,1300.0,0.607995325126125
1137.0,1305.0,0.41344570060072616
1137.0,1308.0,0.48437494532104064
1137.0,1309.0,0.718486793284896
1137.0,1314.0,0.22637861476653032
1137.0,1315.0,0.6327598241292804
1137.0,1321.0,0.3231485767963197
1137.0,1323.0,0.22329295033037178
1137.0,1329.0,0.37175168652055335
1137.0,1332.0,0.26272420472819513
1137.0,1343.0,0.4994690151222473
1137.0,1344.0,0.5490134209321285
1137.0,1345.0,0.22040252857686926
1137.0,1348.0,0.3187935380521546
1137.0,1355.0,0.7366968859518889
1137.0,1371.0,0.561594387651102
1137.0,1374.0,0.3699443799869895
1137.0,1376.0,0.4322402357749334
1137.0,1388.0,0.27791537205366357
1137.0,1407.0,0.5460099293268035
1137.0,1411.0,0.772479619361043
1137.0,1413.0,0.6645686824845929
1137.0,1417.0,0.19873740483941016
1137.0,1423.0,0.36525110706911934
1137.0,1425.0,0.2831383563543738
1137.0,1433.0,0.42070561304518417
1137.0,1435.0,0.5605932387023984
1137.0,1436.0,0.4674509975456457
1137.0,1437.0,0.25865571251270514
1137.0,1438.0,0.2990939583415898
1137.0,1439.0,0.40918978377768345
1137.0,1448.0,0.4443451229705
1137.0,1452.0,0.10427699074045182
1137.0,1455.0,0.21355190986716355
1137.0,1457.0,0.5185639946527052
1137.0,1458.0,0.21031117045980452
1137.0,1462.0,0.3252677109241937
1139.0,1153.0,0.3418501411637169
1139.0,1166.0,0.5147969003129544
1139.0,1173.0,0.5719650568501362
1139.0,1181.0,0.35457962661741815
1139.0,1190.0,0.46226575376074996
1139.0,1195.0,0.7390325716851271
1139.0,1196.0,0.47242919479628664
1139.0,1199.0,0.3775029415572164
1139.0,1211.0,0.3471136295644047
1139.0,1233.0,0.7346016746727357
1139.0,1235.0,0.48249143248516546
1139.0,1240.0,0.759448352049542
1139.0,1242.0,0.39286310209163433
1139.0,1243.0,0.44730065602184943
1139.0,1245.0,0.637859237294605
1139.0,1246.0,0.23106164876609103
1139.0,1257.0,0.4605095407886326
1139.0,1266.0,0.4736649821598711
1139.0,1268.0,0.6035512852789052
1139.0,1274.0,0.5412860104505134
1139.0,1276.0,0.4456817961865468
1139.0,1277.0,0.6419481276402654
1139.0,1278.0,0.5609510122980568
1139.0,1291.0,0.8948002115451327
1139.0,1292.0,0.6466803578227975
1139.0,1297.0,0.71662652983349
1139.0,1300.0,0.7494147892170615
1139.0,1305.0,0.5761189096666948
1139.0,1308.0,0.6443006450742622
1139.0,1309.0,0.8311175219415551
1139.0,1314.0,0.3607123840586197
1139.0,1315.0,0.7686448456475122
1139.0,1321.0,0.47932693982383345
1139.0,1323.0,0.35663978832932264
1139.0,1329.0,0.5329249853027656
1139.0,1332.0,0.40727134947389254
1139.0,1343.0,0.6580184601988724
1139.0,1344.0,0.7012558912104078
1139.0,1345.0,0.352807314686156
1139.0,1348.0,0.4743421597604638
1139.0,1355.0,0.8436275971003768
1139.0,1371.0,0.7118191187513214
1139.0,1374.0,0.5309963848980305
1139.0,1376.0,0.5948093709568045
1139.0,1388.0,0.42599132502430126
1139.0,1407.0,0.6987098905921552
1139.0,1411.0,0.8674923109429602
1139.0,1413.0,0.7925427546811519
1139.0,1417.0,0.3235282656315688
1139.0,1423.0,0.5259655637271038
1139.0,1425.0,0.43233099636486116
1139.0,1433.0,0.5833942114472559
1139.0,1435.0,0.7109844771665368
1139.0,1436.0,0.6286010040744756
1139.0,1437.0,0.40218549692969985
1139.0,1438.0,0.4513999516124678
1139.0,1439.0,0.5718209313684384
1139.0,1448.0,0.6066027839914201
1139.0,1452.0,0.1833250539256145
1139.0,1455.0,0.34365538513114235
1139.0,1457.0,0.6750006112815857
1139.0,1458.0,0.3392920624291903
1139.0,1462.0,0.48174130600567966
1153.0,1166.0,0.6679084626841048
1153.0,1173.0,0.7169553005258151
1153.0,1181.0,0.5101402816053955
1153.0,1190.0,0.6197084843219269
1153.0,1195.0,0.8429683438552208
1153.0,1196.0,0.629282600836695
1153.0,1199.0,0.5347874686840901
1153.0,1211.0,0.5019461611707261
1153.0,1233.0,0.8399198977821278
1153.0,1235.0,0.6386414901426268
1153.0,1240.0,0.8568283192090068
1153.0,1242.0,0.5508838653894412
1153.0,1243.0,0.6053846152416003
1153.0,1245.0,0.7695230840310279
1153.0,1246.0,0.3629020036662203
1153.0,1257.0,0.6180416010133905
1153.0,1266.0,0.6304383865860139
1153.0,1268.0,0.742656131502909
1153.0,1274.0,0.6910550767184671
1153.0,1276.0,0.6038186722224848
1153.0,1277.0,0.7726552249646931
1153.0,1278.0,0.7077658969048515
1153.0,1291.0,0.9416005558300277
1153.0,1292.0,0.7762620374752698
1153.0,1297.0,0.8274018904878923
1153.0,1300.0,0.8500545793536245
1153.0,1305.0,0.7203899499984104
1153.0,1308.0,0.7744506905455089
1153.0,1309.0,0.9031830993128073
1153.0,1314.0,0.5168091786333316
1153.0,1315.0,0.8629736159490067
1153.0,1321.0,0.6357109163194357
1153.0,1323.0,0.5123867404099136
1153.0,1329.0,0.6838293709045253
1153.0,1332.0,0.5656877643472534
1153.0,1343.0,0.784825458081382
1153.0,1344.0,0.8165013225052851
1153.0,1345.0,0.5082026617592342
1153.0,1348.0,0.631070963947207
1153.0,1355.0,0.9109269914377184
1153.0,1371.0,0.8240122617579992
1153.0,1374.0,0.6821522402918293
1153.0,1376.0,0.7356380286837181
1153.0,1388.0,0.5845087195448534
1153.0,1407.0,0.8146779258592219
1153.0,1411.0,0.9254287135616738
1153.0,1413.0,0.8786658938516075
1153.0,1417.0,0.47550248485028823
1153.0,1423.0,0.6777588505554866
1153.0,1425.0,0.5907794656913401
1153.0,1433.0,0.7263651525521939
1153.0,1435.0,0.8234219525114981
1153.0,1436.0,0.7623769228066232
1153.0,1437.0,0.5604943290389905
1153.0,1438.0,0.6093354533921257
1153.0,1439.0,0.7168358257492009
1153.0,1448.0,0.7450891411835552
1153.0,1452.0,0.2985013065296269
1153.0,1455.0,0.4981222555203245
1153.0,1457.0,0.7974489541939638
1153.0,1458.0,0.4932716517218393
1153.0,1462.0,0.6379478622647683
1166.0,1173.0,0.5735289142276636
1166.0,1181.0,0.35604351630978726
1166.0,1190.0,0.4638547112156045
1166.0,1195.0,0.7402632231720339
1166.0,1196.0,0.47402229143344443
1166.0,1199.0,0.3790058961882201
1166.0,1211.0,0.3485633421680189
1166.0,1233.0,0.7358457525477768
1166.0,1235.0,0.4840873258069681
1166.0,1240.0,0.7606139135746208
1166.0,1242.0,0.39438846588518994
1166.0,1243.0,0.44888111374625206
1166.0,1245.0,0.6393341554431281
1166.0,1246.0,0.2321990522810058
1166.0,1257.0,0.4620976491372819
1166.0,1266.0,0.4752584920084463
1166.0,1268.0,0.6050794212475736
1166.0,1274.0,0.5428723725545814
1166.0,1276.0,0.44726116271799454
1166.0,1277.0,0.6434157023046283
1166.0,1278.0,0.5625243316826789
1166.0,1291.0,0.8954002715612394
1166.0,1292.0,0.6481391675483239
1166.0,1297.0,0.7179225130043271
1166.0,1300.0,0.7506130024736765
1166.0,1305.0,0.5776787964234689
1166.0,1308.0,0.645763898132469
1166.0,1309.0,0.8320126333959263
1166.0,1314.0,0.3621873847095367
1166.0,1315.0,0.7697793548943955
1166.0,1321.0,0.4809220931632864
1166.0,1323.0,0.3581074642635741
1166.0,1329.0,0.5345153966171587
1166.0,1332.0,0.4088149870065292
1166.0,1343.0,0.6594551086251248
1166.0,1344.0,0.7025929969946587
1166.0,1345.0,0.3542679036291947
1166.0,1348.0,0.4759358877548274
1166.0,1355.0,0.8444688107772264
1166.0,1371.0,0.7131282868969806
1166.0,1374.0,0.5325876034916064
1166.0,1376.0,0.5963486673327001
1166.0,1388.0,0.42755473463389393
1166.0,1407.0,0.7000535175797382
1166.0,1411.0,0.8682251963362438
1166.0,1413.0,0.7935915439609054
1166.0,1417.0,0.3249284978253627
1166.0,1423.0,0.5275586645187422
1166.0,1425.0,0.43390008514710654
1166.0,1433.0,0.5849466132265578
1166.0,1435.0,0.7122959044581594
1166.0,1436.0,0.6300917620033926
1166.0,1437.0,0.403722987732425
1166.0,1438.0,0.4529830225202274
1166.0,1439.0,0.5733849225607714
1166.0,1448.0,0.6081267947137883
1166.0,1452.0,0.18428378977832816
1166.0,1455.0,0.34509828878498017
1166.0,1457.0,0.6764010025292659
1166.0,1458.0,0.34072615636554904
1166.0,1462.0,0.483337035496644
1173.0,1181.0,0.2929257914909025
1173.0,1190.0,0.3932975721369294
1173.0,1195.0,0.6810712022780219
1173.0,1196.0,0.40308130848012114
1173.0,1199.0,0.31380114974308204
1173.0,1211.0,0.28618235417075477
1173.0,1233.0,0.6760875229197281
1173.0,1235.0,0.41282228561099166
1173.0,1240.0,0.7042065059133886
1173.0,1242.0,0.3279348122832275
1173.0,1243.0,0.37899159146299966
1173.0,1245.0,0.5704867212544762
1173.0,1246.0,0.1847375894583514
1173.0,1257.0,0.3916125593654032
1173.0,1266.0,0.4042747014089558
1173.0,1268.0,0.5344545388340933
1173.0,1274.0,0.47085146368408715
1173.0,1276.0,0.37745112019497884
1173.0,1277.0,0.5748292587399941
1173.0,1278.0,0.4906948681890546
1173.0,1291.0,0.8651210544577073
1173.0,1292.0,0.5798680081624268
1173.0,1297.0,0.6560050944900793
1173.0,1300.0,0.6928008153107768
1173.0,1305.0,0.5061531150081992
1173.0,1308.0,0.5773324131843092
1173.0,1309.0,0.7877340764785448
1173.0,1314.0,0.29848534708092767
1173.0,1315.0,0.7147216142287889
1173.0,1321.0,0.4097529360745592
1173.0,1323.0,0.29479134872759616
1173.0,1329.0,0.4624815027813508
1173.0,1332.0,0.34130042582589426
1173.0,1343.0,0.591997429679491
1173.0,1344.0,0.6390026688709518
1173.0,1345.0,0.2913225497597769
1173.0,1348.0,0.4049289962755258
1173.0,1355.0,0.8026948940703622
1173.0,1371.0,0.6506705714049857
1173.0,1374.0,0.4605564601776403
1173.0,1376.0,0.5253871287976206
1173.0,1388.0,0.35882377842030444
1173.0,1407.0,0.636201360951808
1173.0,1411.0,0.8315592595807739
1173.0,1413.0,0.7423222687801105
1173.0,1417.0,0.26505631028038223
1173.0,1423.0,0.4555447902577706
1173.0,1425.0,0.36479912513871693
1173.0,1433.0,0.5136154589112626
1173.0,1435.0,0.6497459722238824
1173.0,1436.0,0.5606923433914912
1173.0,1437.0,0.3365706016107095
1173.0,1438.0,0.38289856070852835
1173.0,1439.0,0.5017592387355425
1173.0,1448.0,0.537630445486249
1173.0,1452.0,0.14476955788215062
1173.0,1455.0,0.2830679646301235
1173.0,1457.0,0.6103165196278463
1173.0,1458.0,0.27914673525466827
1173.0,1462.0,0.41209422228336445
1181.0,1190.0,0.6201804730396923
1181.0,1195.0,0.8432333353111543
1181.0,1196.0,0.6297498062922406
1181.0,1199.0,0.5352858181937628
1181.0,1211.0,0.5024469601189218
1181.0,1233.0,0.8401890582456877
1181.0,1235.0,0.6391036651832248
1181.0,1240.0,0.857073887495764
1181.0,1242.0,0.5513794366539246
1181.0,1243.0,0.6058630749716412
1181.0,1245.0,0.769878180487467
1181.0,1246.0,0.3633652868838759
1181.0,1257.0,0.6185143850040637
1181.0,1266.0,0.6309049897827983
1181.0,1268.0,0.7430387995592114
1181.0,1274.0,0.6914825994509675
1181.0,1276.0,0.6042977895769612
1181.0,1277.0,0.7730069192017983
1181.0,1278.0,0.7081800600818018
1181.0,1291.0,0.9417106141989707
1181.0,1292.0,0.776609765280364
1181.0,1297.0,0.827687780821527
1181.0,1300.0,0.8503097362153549
1181.0,1305.0,0.7207932798804381
1181.0,1308.0,0.7748004168032121
1181.0,1309.0,0.9033581275123301
1181.0,1314.0,0.5173094042666078
1181.0,1315.0,0.8632103265552873
1181.0,1321.0,0.6361747042548982
1181.0,1323.0,0.5128872291201054
1181.0,1329.0,0.6842623241951119
1181.0,1332.0,0.5661798643618783
1181.0,1343.0,0.7851635602184789
1181.0,1344.0,0.8168012706890008
1181.0,1345.0,0.5087033272354156
1181.0,1348.0,0.6315372352550883
1181.0,1355.0,0.9110893981623368
1181.0,1371.0,0.8243025744074745
1181.0,1374.0,0.6825864241708928
1181.0,1376.0,0.736027423235402
1181.0,1388.0,0.5849951391431265
1181.0,1407.0,0.8149801791876256
1181.0,1411.0,0.9255668398415604
1181.0,1413.0,0.878879301030425
1181.0,1417.0,0.4760021156599685
1181.0,1423.0,0.6781962046998946
1181.0,1425.0,0.5912636776506419
1181.0,1433.0,0.726763132495129
1181.0,1435.0,0.8237130306171232
1181.0,1436.0,0.7627396347225172
1181.0,1437.0,0.5609877467699196
1181.0,1438.0,0.6098122103164587
1181.0,1439.0,0.7172422700848777
1181.0,1448.0,0.7454694313266275
1181.0,1452.0,0.2989209496551606
1181.0,1455.0,0.4986230588288293
1181.0,1457.0,0.797772332106569
1181.0,1458.0,0.4937723762710422
1181.0,1462.0,0.638410422161811
1190.0,1195.0,0.7751117879739515
1190.0,1196.0,0.5215022863473391
1190.0,1199.0,0.42465247636732206
1190.0,1211.0,0.39286300676483565
1190.0,1233.0,0.7711037397623048
1190.0,1235.0,0.5315566274671719
1190.0,1240.0,0.7934937401348832
1190.0,1242.0,0.44057330382291937
1190.0,1243.0,0.4962186300544875
1190.0,1245.0,0.6819053902939294
1190.0,1246.0,0.267789107318961
1190.0,1257.0,0.509540317074189
1190.0,1266.0,0.5227392493031219
1190.0,1268.0,0.6494771495348222
1190.0,1274.0,0.5895192490128738
1190.0,1276.0,0.49458115357880583
1190.0,1277.0,0.6857419782695526
1190.0,1278.0,0.6086116309745715
1190.0,1291.0,0.9119111504349262
1190.0,1292.0,0.6901747532205441
1190.0,1297.0,0.7547755566278427
1190.0,1300.0,0.7844772368330248
1190.0,1305.0,0.6232388824102151
1190.0,1308.0,0.6879466272576933
1190.0,1309.0,0.8569304098448911
1190.0,1314.0,0.4071363957364291
1190.0,1315.0,0.8017284582597219
1190.0,1321.0,0.5283989067267788
1190.0,1323.0,0.40286996307601586
1190.0,1329.0,0.5813574202513294
1190.0,1332.0,0.45541880332161766
1190.0,1343.0,0.7007629610672925
1190.0,1344.0,0.7407255260557244
1190.0,1345.0,0.3988486815757494
1190.0,1348.0,0.5234168158935073
1190.0,1355.0,0.8678324497170123
1190.0,1371.0,0.750389914711127
1190.0,1374.0,0.5794709969379539
1190.0,1376.0,0.6411458092686623
1190.0,1388.0,0.4745799102175482
1190.0,1407.0,0.738390412125654
1190.0,1411.0,0.8884914148895215
1190.0,1413.0,0.8229959415997932
1190.0,1417.0,0.3679208585570104
1190.0,1423.0,0.5745435237919512
1190.0,1425.0,0.48103670230469564
1190.0,1433.0,0.6302245228603538
1190.0,1435.0,0.7496276909475528
1190.0,1436.0,0.6731962827504027
1190.0,1437.0,0.45018836188062417
1190.0,1438.0,0.5003603792273028
1190.0,1439.0,0.6191028020032887
1190.0,1448.0,0.6523787520568786
1190.0,1452.0,0.21458220433037622
1190.0,1455.0,0.38922069140197124
1190.0,1457.0,0.7165368860590653
1190.0,1458.0,0.3846178557740362
1190.0,1462.0,0.530808461407356
1195.0,1196.0,0.2507885947663556
1195.0,1199.0,0.18479745706898465
1195.0,1211.0,0.16578953916192918
1195.0,1233.0,0.5085194105613158
1195.0,1235.0,0.2584426715233803
1195.0,1240.0,0.541316036171657
1195.0,1242.0,0.19476997301433596
1195.0,1243.0,0.23225908077645463
1195.0,1245.0,0.39701194562006203
1195.0,1246.0,0.1009837128160257
1195.0,1257.0,0.24189701059906032
1195.0,1266.0,0.2517212388883239
1195.0,1268.0,0.36268454193343935
1195.0,1274.0,0.3060832758956544
1195.0,1276.0,0.23109308482737823
1195.0,1277.0,0.40126764524904446
1195.0,1278.0,0.32322436930432275
1195.0,1291.0,0.7607368509551529
1195.0,1292.0,0.4062386503674781
1195.0,1297.0,0.4859470658897156
1195.0,1300.0,0.5278406575974808
1195.0,1305.0,0.336896673295493
1195.0,1308.0,0.4037326909722374
1195.0,1309.0,0.6478387076079517
1195.0,1314.0,0.17417976822669978
1195.0,1315.0,0.5539539514210718
1195.0,1321.0,0.2560206696725372
1195.0,1323.0,0.17164773838034686
1195.0,1329.0,0.2989873091463622
1195.0,1332.0,0.20435853341161314
1195.0,1343.0,0.41835269041350953
1195.0,1344.0,0.46736392045347286
1195.0,1345.0,0.1692801376607449
1195.0,1348.0,0.2522331731715576
1195.0,1355.0,0.6685103165546397
1195.0,1371.0,0.48006552949617765
1195.0,1374.0,0.29736631404258895
1195.0,1376.0,0.354313417815181
1195.0,1388.0,0.21716896535189267
1195.0,1407.0,0.4643471958003442
1195.0,1411.0,0.709910686104688
1195.0,1413.0,0.5881458116149617
1195.0,1417.0,0.15166263560116244
1195.0,1423.0,0.2931653688801962
1195.0,1425.0,0.22160067217436707
1195.0,1433.0,0.3435998241578141
1195.0,1435.0,0.479050905774573
1195.0,1436.0,0.3875088314348065
1195.0,1437.0,0.2009475348928168
1195.0,1438.0,0.23522636718884282
1195.0,1439.0,0.3329814068936422
1195.0,1448.0,0.36564140765296493
1195.0,1452.0,0.07741521191066969
1195.0,1455.0,0.1636848926698714
1195.0,1457.0,0.4370543902136823
1195.0,1458.0,0.16104594102107395
1195.0,1462.0,0.2578673056747768
1196.0,1199.0,0.42017834648314
1196.0,1211.0,0.3884976497961188
1196.0,1233.0,0.7678509179270658
1196.0,1235.0,0.5269878253042514
1196.0,1240.0,0.7904726426673272
1196.0,1242.0,0.4360585644981426
1196.0,1243.0,0.49163479076140626
1196.0,1245.0,0.6779144441345585
1196.0,1246.0,0.26420873631807495
1196.0,1257.0,0.5049567648970199
1196.0,1266.0,0.5181624034036412
1196.0,1268.0,0.6452909820287778
1196.0,1274.0,0.5850744858216481
1196.0,1276.0,0.48999772814554243
1196.0,1277.0,0.6817767042764353
1196.0,1278.0,0.6042348145468577
1196.0,1291.0,0.9104268880367923
1196.0,1292.0,0.6862398197785815
1196.0,1297.0,0.7513655149447108
1196.0,1300.0,0.7813605776461979
1196.0,1305.0,0.6189232194123933
1196.0,1308.0,0.683996352185746
1196.0,1309.0,0.8546673859669192
1196.0,1314.0,0.4027176387937844
1196.0,1315.0,0.7987972840225165
1196.0,1321.0,0.5238268957094285
1196.0,1323.0,0.3984663892290943
1196.0,1329.0,0.5768877101475629
1196.0,1332.0,0.45087454479814504
1196.0,1343.0,0.6969034469586074
1196.0,1344.0,0.7371881374582571
1196.0,1345.0,0.39446002623861864
1196.0,1348.0,0.5188404868376627
1196.0,1355.0,0.8657148475236303
1196.0,1371.0,0.746939334473059
1196.0,1374.0,0.5749958700826066
1196.0,1376.0,0.6369157671256357
1196.0,1388.0,0.4700094708153567
1196.0,1407.0,0.7348325695705278
1196.0,1411.0,0.8866615843588839
1196.0,1413.0,0.820308709254663
1196.0,1417.0,0.36366664196621656
1196.0,1423.0,0.5700548662985265
1196.0,1425.0,0.4764604686584808
1196.0,1433.0,0.6259408521913775
1196.0,1435.0,0.7461701380689452
1196.0,1436.0,0.6691490838613583
1196.0,1437.0,0.44565358416409206
1196.0,1438.0,0.4957759319628826
1196.0,1439.0,0.6147690461420353
1196.0,1448.0,0.6482084675372155
1196.0,1452.0,0.21150772454571387
1196.0,1455.0,0.38487015088315113
1196.0,1457.0,0.7127974392832882
1196.0,1458.0,0.38028673061279283
1196.0,1462.0,0.52623886585266
1199.0,1211.0,0.4687101420472015
1199.0,1233.0,0.8212037429004271
1199.0,1235.0,0.6073924943897904
1199.0,1240.0,0.8397117889860355
1199.0,1242.0,0.5177761612032753
1199.0,1243.0,0.5731817352733503
1199.0,1245.0,0.745074402985634
1199.0,1246.0,0.33272220220352555
1199.0,1257.0,0.5861655361432925
1199.0,1266.0,0.5989255117540568
1199.0,1268.0,0.7164077541826036
1199.0,1274.0,0.6619393509506568
1199.0,1276.0,0.571578437328563
1199.0,1277.0,0.7484301781174227
1199.0,1278.0,0.679494629292857
1199.0,1291.0,0.9338361584043243
1199.0,1292.0,0.7522981094443033
1199.0,1297.0,0.8075574963201538
1199.0,1300.0,0.8322867431711487
1199.0,1305.0,0.6928098895963151
1199.0,1308.0,0.7503551471332758
1199.0,1309.0,0.8909027747601738
1199.0,1314.0,0.48354448932440075
1199.0,1315.0,0.846460118800038
1199.0,1321.0,0.6043654905893459
1199.0,1323.0,0.47912444664276255
1199.0,1329.0,0.6543732587905127
1199.0,1332.0,0.5327457311519816
1199.0,1343.0,0.761496926690745
1199.0,1344.0,0.7957130791332816
1199.0,1345.0,0.4749474232438704
1199.0,1348.0,0.5995777693605595
1199.0,1355.0,0.8995196320258938
1199.0,1371.0,0.8038705269670832
1199.0,1374.0,0.6526192519983509
1199.0,1376.0,0.7089543554309281
1199.0,1388.0,0.5518633333083401
1199.0,1407.0,0.7937352966780346
1199.0,1411.0,0.9157066964147771
1199.0,1413.0,0.8637449338700569
1199.0,1417.0,0.442461903810092
1199.0,1423.0,0.6480282753830109
1199.0,1425.0,0.5582544178474893
1199.0,1433.0,0.6991283166635405
1199.0,1435.0,0.8032287902872732
1199.0,1436.0,0.7374288447505375
1199.0,1437.0,0.5274874135033005
1199.0,1438.0,0.57722982881497
1199.0,1439.0,0.689056512507223
1199.0,1448.0,0.7189950257467667
1199.0,1452.0,0.27139575353712597
1199.0,1455.0,0.4649030893529482
1199.0,1457.0,0.7750968296941381
1199.0,1458.0,0.46007942629031906
1199.0,1462.0,0.6066758258265952
1211.0,1233.0,0.8379905981237625
1211.0,1235.0,0.6353395638416421
1211.0,1240.0,0.855067637787557
1211.0,1242.0,0.5473484072091839
1211.0,1243.0,0.6019681992165855
1211.0,1245.0,0.7669807355564271
1211.0,1246.0,0.3596069875014227
1211.0,1257.0,0.6146650155374651
1211.0,1266.0,0.6271052700869997
1211.0,1268.0,0.7399175834766367
1211.0,1274.0,0.6879981044910038
1211.0,1276.0,0.6003976478071953
1211.0,1277.0,0.7701371061695831
1211.0,1278.0,0.7048036433821342
1211.0,1291.0,0.9408103613459908
1211.0,1292.0,0.7737721714820598
1211.0,1297.0,0.8253530931266176
1211.0,1300.0,0.8482253521813093
1211.0,1305.0,0.7175045857476292
1211.0,1308.0,0.7719465889629533
1211.0,1309.0,0.9019272259152296
1211.0,1314.0,0.5132424959551152
1211.0,1315.0,0.861276271953304
1211.0,1321.0,0.6323976253545409
1211.0,1323.0,0.5088184389600525
1211.0,1329.0,0.6807339328927886
1211.0,1332.0,0.5621762234823074
1211.0,1343.0,0.7824041768493156
1211.0,1344.0,0.8143521643215117
1211.0,1345.0,0.5046333432421068
1211.0,1348.0,0.6277401838892376
1211.0,1355.0,0.9097615327608637
1211.0,1371.0,0.8219318877076989
1211.0,1374.0,0.6790480890392794
1211.0,1376.0,0.7328516621373273
1211.0,1388.0,0.5810366482973895
1211.0,1407.0,0.8125123156351631
1211.0,1411.0,0.9244372602553913
1211.0,1413.0,0.87713525528875
1211.0,1417.0,0.4719424384735149
1211.0,1423.0,0.6746322579974431
1211.0,1425.0,0.5873227993043434
1211.0,1433.0,0.7235177832242569
1211.0,1435.0,0.82133611334814
1211.0,1436.0,0.7597803538321926
1211.0,1437.0,0.5569736831375995
1211.0,1438.0,0.6059309768670933
1211.0,1439.0,0.713928349858219
1211.0,1448.0,0.7423675024523853
1211.0,1452.0,0.2955197940580274
1211.0,1455.0,0.4945525403657677
1211.0,1457.0,0.7951326411099118
1211.0,1458.0,0.48970277983056565
1211.0,1462.0,0.6346432238129459
1233.0,1235.0,0.24771842567381308
1233.0,1240.0,0.5271987364060492
1233.0,1242.0,0.18602506692883647
1233.0,1243.0,0.2222956398149306
1233.0,1245.0,0.383511418472255
1233.0,1246.0,0.0959479311361604
1233.0,1257.0,0.23164486861104683
1233.0,1266.0,0.24118519007435202
1233.0,1268.0,0.34967440071431566
1233.0,1274.0,0.2941663545712171
1233.0,1276.0,0.22116525364616757
1233.0,1277.0,0.3877154528946619
1233.0,1278.0,0.31093912483447783
1233.0,1291.0,0.750257131285462
1233.0,1292.0,0.39262866535594054
1233.0,1297.0,0.4717885112126804
1233.0,1300.0,0.5136812202909866
1233.0,1305.0,0.3243408115556554
1233.0,1308.0,0.39015149567162566
1233.0,1309.0,0.634788000394662
1233.0,1314.0,0.16616855870203906
1233.0,1315.0,0.5398950066069482
1233.0,1321.0,0.24536367246000101
1233.0,1323.0,0.16372989747398625
1233.0,1329.0,0.2872323025017022
1233.0,1332.0,0.19528752380337766
1233.0,1343.0,0.40461341833506814
1233.0,1344.0,0.4532693875024234
1233.0,1345.0,0.16145022413404575
1233.0,1348.0,0.24168261759215404
1233.0,1355.0,0.6558186831027273
1233.0,1371.0,0.46592301938597436
1233.0,1374.0,0.28564906934719747
1233.0,1376.0,0.3414426844676387
1233.0,1388.0,0.207677752172733
1233.0,1407.0,0.45026673194629707
1233.0,1411.0,0.6980882820551618
1233.0,1413.0,0.5743364505246045
1233.0,1417.0,0.14450585413818695
1233.0,1423.0,0.28154732676048055
1233.0,1425.0,0.2119682186700007
1233.0,1433.0,0.33091881353702834
1233.0,1435.0,0.4649115588592101
1233.0,1436.0,0.37413095463395585
1233.0,1437.0,0.19199139676720223
1233.0,1438.0,0.22517296910285378
1233.0,1439.0,0.32050093629233345
1233.0,1448.0,0.35258387872059105
1233.0,1452.0,0.07345869334859045
1233.0,1455.0,0.1560651618715847
1233.0,1457.0,0.42314775084953815
1233.0,1458.0,0.15352650510764532
1233.0,1462.0,0.24715897747342674
1235.0,1240.0,0.774403225359668
1235.0,1242.0,0.4129927560975595
1235.0,1243.0,0.4680692105988232
1235.0,1245.0,0.6569587715112245
1235.0,1246.0,0.24626358730336717
1235.0,1257.0,0.4813572597305815
1235.0,1266.0,0.4945622986495609
1235.0,1268.0,0.6233919138788127
1235.0,1274.0,0.5619812797845327
1235.0,1276.0,0.46643861962570765
1235.0,1277.0,0.6609466400540807
1235.0,1278.0,0.5814451172853852
1235.0,1291.0,0.9024215557411982
1235.0,1292.0,0.6655585900259231
1235.0,1297.0,0.7333087286076623
1235.0,1300.0,0.7648002571671231
1235.0,1305.0,0.5964143934146016
1235.0,1308.0,0.6632398138821772
1235.0,1309.0,0.8425405875924947
1235.0,1314.0,0.3802263598543244
1235.0,1315.0,0.7831912021984911
1235.0,1321.0,0.5002366424843936
1235.0,1323.0,0.376063047655287
1235.0,1329.0,0.553686439620508
1235.0,1332.0,0.4276192898658455
1235.0,1343.0,0.6765938509615095
1235.0,1344.0,0.7184874995542672
1235.0,1345.0,0.3721425836293675
1235.0,1348.0,0.4952412412027075
1235.0,1355.0,0.8543527772074613
1235.0,1371.0,0.7286771782236812
1235.0,1374.0,0.5517714634627822
1235.0,1376.0,0.6148082820946239
1235.0,1388.0,0.446569892760188
1235.0,1407.0,0.7160288847603955
1235.0,1411.0,0.876819668203616
1235.0,1413.0,0.805965844401307
1235.0,1417.0,0.3421071238841278
1235.0,1423.0,0.5467732803287868
1235.0,1425.0,0.4529741402260069
1235.0,1433.0,0.6035810420737078
1235.0,1435.0,0.7278726959326847
1235.0,1436.0,0.6479193034952067
1235.0,1437.0,0.42246044486162326
1235.0,1438.0,0.4721962291564218
1235.0,1439.0,0.5921765296939503
1235.0,1448.0,0.6263852323691959
1235.0,1452.0,0.19618763461615085
1235.0,1455.0,0.3627702317470578
1235.0,1457.0,0.6930838224873636
1235.0,1458.0,0.35829669951274634
1235.0,1462.0,0.5026546534388303
1240.0,1242.0,0.17028999210146378
1240.0,1243.0,0.20426248155487925
1240.0,1245.0,0.3584275196427815
1240.0,1246.0,0.08701756943290595
1240.0,1257.0,0.21306105953940802
1240.0,1266.0,0.22205720094972792
1240.0,1268.0,0.32563464188720015
1240.0,1274.0,0.27234459467736927
1240.0,1276.0,0.20319983560633648
1240.0,1277.0,0.3625182772821276
1240.0,1278.0,0.28838148675710384
1240.0,1291.0,0.729573314000403
1240.0,1292.0,0.3673037332240854
1240.0,1297.0,0.44509943496055004
1240.0,1300.0,0.48680637610310684
1240.0,1305.0,0.30123596120743545
1240.0,1308.0,0.36489035248692636
1240.0,1309.0,0.6095182803639818
1240.0,1314.0,0.15179983411503284
1240.0,1315.0,0.513095675328998
1240.0,1321.0,0.2260029946297315
1240.0,1323.0,0.14953422915932524
1240.0,1329.0,0.26573126939207214
1240.0,1332.0,0.1789412124503479
1240.0,1343.0,0.37899782517323377
1240.0,1344.0,0.42678148218098666
1240.0,1345.0,0.14741736552519624
1240.0,1348.0,0.22252674730885724
1240.0,1355.0,0.6311586045467201
1240.0,1371.0,0.4392898017877678
1240.0,1374.0,0.2642226173766957
1240.0,1376.0,0.31769238754691986
1240.0,1388.0,0.19053989826844397
1240.0,1407.0,0.4238182740655506
1240.0,1411.0,0.6749557111321449
1240.0,1413.0,0.5478632012240864
1240.0,1417.0,0.13171442581810155
1240.0,1423.0,0.26031642716401393
1240.0,1425.0,0.1945632516291934
1240.0,1433.0,0.3075586728972586
1240.0,1435.0,0.43828871097734434
1240.0,1436.0,0.3493129524501436
1240.0,1437.0,0.17586068939448785
1240.0,1438.0,0.20696851333957944
1240.0,1439.0,0.2975491626766119
1240.0,1448.0,0.3284451176266947
1240.0,1452.0,0.06646762419856456
1240.0,1455.0,0.1424208641214716
1240.0,1457.0,0.39714145665451084
1240.0,1458.0,0.14006731792732785
1240.0,1462.0,0.2276993829749916
1242.0,1243.0,0.5492844476410024
1242.0,1245.0,0.7262040330597201
1242.0,1246.0,0.3115327972028096
1242.0,1257.0,0.5624402551588118
1242.0,1266.0,0.5754018667433429
1242.0,1268.0,0.6962803934482924
1242.0,1274.0,0.6398893891236688
1242.0,1276.0,0.5476622239743334
1242.0,1277.0,0.72971810203763
1242.0,1278.0,0.6579981040021898
1242.0,1291.0,0.9275803911161669
1242.0,1292.0,0.733771394857617
1242.0,1297.0,0.792021248365125
1242.0,1300.0,0.8182977308755592
1242.0,1305.0,0.6717750402426932
1242.0,1308.0,0.7317349310626173
1242.0,1309.0,0.8811045039491796
1242.0,1314.0,0.4593622491731103
1242.0,1315.0,0.8334166919463356
1242.0,1321.0,0.5809376633867926
1242.0,1323.0,0.4549685235200508
1242.0,1329.0,0.6321040779966005
1242.0,1332.0,0.5085257106945229
1242.0,1343.0,0.7434235781900458
1242.0,1344.0,0.7794817228289985
1242.0,1345.0,0.4508198239460409
1242.0,1348.0,0.5760653017595174
1242.0,1355.0,0.8904000547593478
1242.0,1371.0,0.7881147213664064
1242.0,1374.0,0.6303009068106767
1242.0,1376.0,0.6885279936730739
1242.0,1388.0,0.5277558514238555
1242.0,1407.0,0.7773907603996595
1242.0,1411.0,0.9079058415546232
1242.0,1413.0,0.8519129870184233
1242.0,1417.0,0.41866867774223626
1242.0,1423.0,0.6255841929483275
1242.0,1425.0,0.5342005533131805
1242.0,1433.0,0.6783252383323946
1242.0,1435.0,0.7874350636243433
1242.0,1436.0,0.718206573425717
1242.0,1437.0,0.5032489774095641
1242.0,1438.0,0.5533825878441675
1242.0,1439.0,0.6678878546473366
1242.0,1448.0,0.6989741336684385
1242.0,1452.0,0.25263326075971804
1242.0,1455.0,0.44085731290180985
1242.0,1457.0,0.7577261752929303
1242.0,1458.0,0.43607981677701113
1242.0,1462.0,0.5832904777499336
1243.0,1245.0,0.6855040587870529
1243.0,1246.0,0.27106465998609
1243.0,1257.0,0.5136983409368103
1243.0,1266.0,0.5268892730145476
1243.0,1268.0,0.6532561359759486
1243.0,1274.0,0.59354010358455
1243.0,1276.0,0.49874123866143383
1243.0,1277.0,0.689317018012338
1243.0,1278.0,0.6125683753048907
1243.0,1291.0,0.913238791846043
1243.0,1292.0,0.693721888101509
1243.0,1297.0,0.7578425883383985
1243.0,1300.0,0.7872774847246842
1243.0,1305.0,0.6271383465818654
1243.0,1308.0,0.6915078694404456
1243.0,1309.0,0.8589585363199932
1243.0,1314.0,0.4111593066582656
1243.0,1315.0,0.8043604625937896
1243.0,1321.0,0.5325437257909628
1243.0,1323.0,0.40687964929042786
1243.0,1329.0,0.585401997168171
1243.0,1332.0,0.4595489926633797
1243.0,1343.0,0.7042408206597544
1243.0,1344.0,0.7439086597322411
1243.0,1345.0,0.4028453457317731
1243.0,1348.0,0.5275662726123332
1243.0,1355.0,0.8697295249540983
1243.0,1371.0,0.753493883611335
1243.0,1374.0,0.5835207426434618
1243.0,1376.0,0.64496551598793
1243.0,1388.0,0.47873111184487716
1243.0,1407.0,0.7415922129993162
1243.0,1411.0,0.8901295020331935
1243.0,1413.0,0.8254071065898707
1243.0,1417.0,0.37179928455973554
1243.0,1423.0,0.5786062142462699
1243.0,1425.0,0.48519222809002394
1243.0,1433.0,0.6340941341642119
1243.0,1435.0,0.752738015046777
1243.0,1436.0,0.6768467870198649
1243.0,1437.0,0.4543106883614615
1243.0,1438.0,0.5045205507076345
1243.0,1439.0,0.623019180853551
1243.0,1448.0,0.6561430182525128
1243.0,1452.0,0.21740017275951684
1243.0,1455.0,0.39318397939065397
1243.0,1457.0,0.7199046920024867
1243.0,1458.0,0.38856409178892604
1243.0,1462.0,0.5349507415466251
1245.0,1246.0,0.14767644079465758
1245.0,1257.0,0.3298402148505202
1245.0,1266.0,0.34162659407836393
1245.0,1268.0,0.4674630505900309
1245.0,1274.0,0.40489854031230366
1245.0,1276.0,0.316749576103041
1245.0,1277.0,0.5083025688716531
1245.0,1278.0,0.4241906246324104
1245.0,1291.0,0.830633389786808
1245.0,1292.0,0.5134624160780086
1245.0,1297.0,0.5931910391394069
1245.0,1300.0,0.632946269016029
1245.0,1305.0,0.4393611512394202
1245.0,1308.0,0.5108641119817623
1245.0,1309.0,0.7394191614044957
1245.0,1314.0,0.24547564164947977
1245.0,1315.0,0.6570236962794608
1245.0,1321.0,0.3467500299067644
1245.0,1323.0,0.24221117187242225
1245.0,1329.0,0.39682176570749095
1245.0,1332.0,0.2837626737575789
1245.0,1343.0,0.5259416661188947
1245.0,1344.0,0.5750948878486528
1245.0,1345.0,0.23915126451891833
1245.0,1348.0,0.34223774543257135
1245.0,1355.0,0.7567336664420506
1245.0,1371.0,0.5874949461727941
1245.0,1374.0,0.3949692028685393
1245.0,1376.0,0.45841305325636594
1245.0,1388.0,0.2996758664578978
1245.0,1407.0,0.5721297237617076
1245.0,1411.0,0.7905675199443787
1245.0,1413.0,0.6877679587396639
1245.0,1417.0,0.21615416479299654
1245.0,1423.0,0.3901550476318719
1245.0,1425.0,0.3051349912213043
1245.0,1433.0,0.446729543144351
1245.0,1435.0,0.5865093954466568
1245.0,1436.0,0.4939011707472508
1245.0,1437.0,0.2794918898347373
1245.0,1438.0,0.3217737636960858
1245.0,1439.0,0.43503632328903363
1245.0,1448.0,0.4706433163939211
1245.0,1452.0,0.11459950160009336
1245.0,1455.0,0.23189123200403972
1245.0,1457.0,0.544946837630286
1245.0,1458.0,0.22845303028301023
1245.0,1462.0,0.34894414528018636
1246.0,1257.0,0.7442518050724802
1246.0,1266.0,0.7541815677102675
1246.0,1268.0,0.8384529361147718
1246.0,1274.0,0.8009111029261751
1246.0,1276.0,0.7326959312920566
1246.0,1277.0,0.8593990024429645
1246.0,1278.0,0.8132853001488934
1246.0,1291.0,0.966664119446782
1246.0,1292.0,0.8618756445501645
1246.0,1297.0,0.8960668132018923
1246.0,1300.0,0.9106804110869271
1246.0,1305.0,0.8224942831224452
1246.0,1308.0,0.8606329727747806
1246.0,1309.0,0.9437494943758592
1246.0,1314.0,0.6579572136980723
1246.0,1315.0,0.9188745313436508
1246.0,1321.0,0.7583653147695684
1246.0,1323.0,0.6539616511481816
1246.0,1329.0,0.7954943924156042
1246.0,1332.0,0.7008231216913865
1246.0,1343.0,0.867720647174379
1246.0,1344.0,0.8889206416837588
1246.0,1345.0,0.6501629611502349
1246.0,1348.0,0.7546847537844803
1246.0,1355.0,0.9484339385180559
1246.0,1371.0,0.8938526857507415
1246.0,1374.0,0.7942313547494839
1246.0,1376.0,0.8334614905748412
1246.0,1388.0,0.7167205353993764
1246.0,1407.0,0.8877179048656343
1246.0,1411.0,0.957116729705958
1246.0,1413.0,0.9286939975833854
1246.0,1417.0,0.6198410040871483
1246.0,1423.0,0.7909123114894367
1246.0,1425.0,0.7219451130471004
1246.0,1433.0,0.8268120980324334
1246.0,1435.0,0.8934663526258316
1246.0,1436.0,0.8522926976432528
1246.0,1437.0,0.6963782964301453
1246.0,1438.0,0.7371991777700773
1246.0,1439.0,0.8199135651668661
1246.0,1448.0,0.8401751642760173
1246.0,1452.0,0.43352027602853893
1246.0,1455.0,0.640936467537262
1246.0,1457.0,0.8762478163816744
1246.0,1458.0,0.6364587850727155
1246.0,1462.0,0.7601332777482389
1257.0,1266.0,0.5238893071256201
1257.0,1268.0,0.6505259802626445
1257.0,1274.0,0.590634405872573
1257.0,1276.0,0.4957336092193897
1257.0,1277.0,0.6867346364969344
1257.0,1278.0,0.6097092588492341
1257.0,1291.0,0.9122807861168991
1257.0,1292.0,0.6911597156011825
1257.0,1297.0,0.7556278638009677
1257.0,1300.0,0.7852556831290809
1257.0,1305.0,0.6243208102842618
1257.0,1308.0,0.6889354805289123
1257.0,1309.0,0.857494700943968
1257.0,1314.0,0.4082496774156583
1257.0,1315.0,0.8024602851334612
1257.0,1321.0,0.529547600401351
1257.0,1323.0,0.40397952794331393
1257.0,1329.0,0.5824790464036459
1257.0,1332.0,0.456562437806069
1257.0,1343.0,0.7017288097182197
1257.0,1344.0,0.7416099484501831
1257.0,1345.0,0.39995458934838646
1257.0,1348.0,0.5245667259594256
1257.0,1355.0,0.8683603467800581
1257.0,1371.0,0.7512524412107462
1257.0,1374.0,0.5805940310346815
1257.0,1376.0,0.6422058356940996
1257.0,1388.0,0.4757296281258343
1257.0,1407.0,0.7392799962701124
1257.0,1411.0,0.8889473560179679
1257.0,1413.0,0.8236665346791968
1257.0,1417.0,0.36899364869329354
1257.0,1423.0,0.5756700809187901
1257.0,1425.0,0.48218770728024407
1257.0,1433.0,0.6312982578829109
1257.0,1435.0,0.750491975537335
1257.0,1436.0,0.6742097423332338
1257.0,1437.0,0.45132974727122777
1257.0,1438.0,0.5015129389381916
1257.0,1439.0,0.6201893690191179
1257.0,1448.0,0.6534235336393691
1257.0,1452.0,0.21536022413756672
1257.0,1455.0,0.3903172364251656
1257.0,1457.0,0.7174723480437204
1257.0,1458.0,0.385709622328989
1257.0,1462.0,0.5319564847029717
1266.0,1268.0,0.604915762304601
1266.0,1274.0,0.5427024174153442
1266.0,1276.0,0.4470918647193425
1266.0,1277.0,0.6432585637089382
1266.0,1278.0,0.5623557927837222
1266.0,1291.0,0.8953361134256331
1266.0,1292.0,0.6479829716608503
1266.0,1297.0,0.7177838063942061
1266.0,1300.0,0.7504847839494396
1266.0,1305.0,0.5775117109252209
1266.0,1308.0,0.6456072243683353
1266.0,1309.0,0.8319168937886441
1266.0,1314.0,0.3620291973494725
1266.0,1315.0,0.7696579665155215
1266.0,1321.0,0.4807511357493769
1266.0,1323.0,0.35795005878664543
1266.0,1329.0,0.5343449995379729
1266.0,1332.0,0.4086494826442245
1266.0,1343.0,0.6593012955075503
1266.0,1344.0,0.7024498765729903
1266.0,1345.0,0.35411125479037664
1266.0,1348.0,0.4757650782406472
1266.0,1355.0,0.8443788423949776
1266.0,1371.0,0.7129881652852672
1266.0,1374.0,0.5324171180445937
1266.0,1376.0,0.5961838049238759
1266.0,1388.0,0.4273871282786751
1266.0,1407.0,0.6999096970580526
1266.0,1411.0,0.8681468243894849
1266.0,1413.0,0.7934793425841034
1266.0,1417.0,0.3247782971618164
1266.0,1423.0,0.5273879725114436
1266.0,1425.0,0.4337318760397002
1266.0,1433.0,0.5847803363726414
1266.0,1435.0,0.712155540380076
1266.0,1436.0,0.6299321289433162
1266.0,1437.0,0.40355813761841675
1266.0,1438.0,0.4528133329742907
1266.0,1439.0,0.5732173933139191
1266.0,1448.0,0.6079635804128825
1266.0,1452.0,0.18418086529919797
1266.0,1455.0,0.3449435286132779
1266.0,1457.0,0.6762510857585011
1266.0,1458.0,0.3405723372565176
1266.0,1462.0,0.48316601869104625
1268.0,1274.0,0.4473520519501559
1268.0,1276.0,0.35548160153707586
1268.0,1277.0,0.5515495335326236
1268.0,1278.0,0.46707928802031284
1268.0,1291.0,0.8536903111486676
1268.0,1292.0,0.5566513874368869
1268.0,1297.0,0.6343427263116952
1268.0,1300.0,0.6722980762247058
1268.0,1305.0,0.48249837746871527
1268.0,1308.0,0.5540834247951962
1268.0,1309.0,0.7714773383219146
1268.0,1314.0,0.27905182276025897
1268.0,1315.0,0.6950378884553523
1268.0,1321.0,0.38707226763096625
1268.0,1323.0,0.27550387693797684
1268.0,1329.0,0.43905321585923796
1268.0,1332.0,0.32035229941348264
1268.0,1343.0,0.5689528325202062
1268.0,1344.0,0.6168948895227662
1268.0,1345.0,0.2721744399406063
1268.0,1348.0,0.3823423794116769
1268.0,1355.0,0.7872745350197203
1268.0,1371.0,0.6288623268077702
1268.0,1374.0,0.437146383097202
1268.0,1376.0,0.5017467704546406
1268.0,1388.0,0.3373509477109049
1268.0,1407.0,0.6140256505363165
1268.0,1411.0,0.8178829707138703
1268.0,1413.0,0.7238070164758792
1268.0,1417.0,0.24703282841258534
1268.0,1423.0,0.4321853640386142
1268.0,1425.0,0.3431600934588158
1268.0,1433.0,0.4899579750776806
1268.0,1435.0,0.6279130141754047
1268.0,1436.0,0.5372616794249909
1268.0,1437.0,0.3157736106474973
1268.0,1438.0,0.36079572957886274
1268.0,1439.0,0.47811104426770024
1268.0,1448.0,0.5140358468887136
1268.0,1452.0,0.13344033231315255
1268.0,1455.0,0.2642600980088634
1268.0,1457.0,0.5875857969918226
1268.0,1458.0,0.26050473742682523
1268.0,1462.0,0.3893694490262253
1274.0,1276.0,0.40815005999190823
1274.0,1277.0,0.6059560650675697
1274.0,1278.0,0.5228685394606976
1274.0,1291.0,0.8794523862325048
1274.0,1292.0,0.6108756413308003
1274.0,1297.0,0.6844513189110503
1274.0,1300.0,0.7195052942974154
1274.0,1305.0,0.538269145475438
1274.0,1308.0,0.6084008055439446
1274.0,1309.0,0.8084675922659804
1274.0,1314.0,0.32612627325267296
1274.0,1315.0,0.7402350270633604
1274.0,1321.0,0.4412171024716808
1274.0,1323.0,0.32224733315557375
1274.0,1329.0,0.4946017689667962
1274.0,1332.0,0.3708104380868441
1274.0,1343.0,0.6226923481769114
1274.0,1344.0,0.6681436305823304
1274.0,1345.0,0.3186014198340149
1274.0,1348.0,0.43629654794171924
1274.0,1355.0,0.8222967389775722
1274.0,1371.0,0.6793423007063182
1274.0,1374.0,0.49266557000382405
1274.0,1376.0,0.5573462361791399
1274.0,1388.0,0.3889542542624582
1274.0,1407.0,0.6654500629038458
1274.0,1411.0,0.8488335304359793
1274.0,1413.0,0.7661748189996577
1274.0,1417.0,0.29088520059547995
1274.0,1423.0,0.48762033357857637
1274.0,1425.0,0.3951221498772953
1274.0,1433.0,0.5456817906588232
1274.0,1435.0,0.6784560876362393
1274.0,1436.0,0.5921197371360336
1274.0,1437.0,0.36589882706611365
1274.0,1438.0,0.4137461002198365
1274.0,1439.0,0.5338978796294596
1274.0,1448.0,0.5694407501648435
1274.0,1452.0,0.16145187192588684
1274.0,1455.0,0.30991190753769615
1274.0,1457.0,0.6404702475364606
1274.0,1458.0,0.3057774203181952
1274.0,1462.0,0.44360305489553853
1276.0,1277.0,0.6956661432576354
1276.0,1278.0,0.619620441272035
1276.0,1291.0,0.9155723241051242
1276.0,1292.0,0.700020169731892
1276.0,1297.0,0.7632722504102841
1276.0,1300.0,0.7922281009898309
1276.0,1305.0,0.6340836275941417
1276.0,1308.0,0.6978318487183512
1276.0,1309.0,0.8625322331074363
1276.0,1314.0,0.4183966906907054
1276.0,1315.0,0.8090099605122436
1276.0,1321.0,0.5399584828020021
1276.0,1323.0,0.41409467753599516
1276.0,1329.0,0.5926196975511767
1276.0,1332.0,0.466962676512367
1276.0,1343.0,0.7104130882815113
1276.0,1344.0,0.7495474976749742
1276.0,1345.0,0.4100382917130727
1276.0,1348.0,0.5349910419555987
1276.0,1355.0,0.8730706362331839
1276.0,1371.0,0.7589900432683635
1276.0,1374.0,0.5907482978392193
1276.0,1376.0,0.6517631203153156
1276.0,1388.0,0.4861758730027833
1276.0,1407.0,0.7472647278532788
1276.0,1411.0,0.8930117665542946
1276.0,1413.0,0.8296623411213141
1276.0,1417.0,0.37878952228926577
1276.0,1423.0,0.5858585256340795
1276.0,1425.0,0.4926425071160262
1276.0,1433.0,0.6409840217663012
1276.0,1435.0,0.758245620529743
1276.0,1436.0,0.6833336820145204
1276.0,1437.0,0.46171206027756395
1276.0,1438.0,0.5119724643203116
1276.0,1439.0,0.6299959210870927
1276.0,1448.0,0.6628384891581471
1276.0,1452.0,0.22251576711162235
1276.0,1455.0,0.4003200634416567
1276.0,1457.0,0.7258773083087462
1276.0,1458.0,0.39567100026937607
1276.0,1462.0,0.5423601284405647
1277.0,1278.0,0.4128321477212634
1277.0,1291.0,0.8239652522116689
1277.0,1292.0,0.5017966828957507
1277.0,1297.0,0.5818802735027431
1277.0,1300.0,0.6220365539412904
1277.0,1305.0,0.4278983269422648
1277.0,1308.0,0.4991968428206224
1277.0,1309.0,0.7303257477324068
1277.0,1314.0,0.23693348434562234
1277.0,1315.0,0.646429856958797
1277.0,1321.0,0.33625424239734614
1277.0,1323.0,0.23374742074792698
1277.0,1329.0,0.3857052404286546
1277.0,1332.0,0.2743726722472557
1277.0,1343.0,0.5142921066311023
1277.0,1344.0,0.5636510902918079
1277.0,1345.0,0.23076187720179164
1277.0,1348.0,0.3318091652470072
1277.0,1355.0,0.748038580758955
1277.0,1371.0,0.5761389722630451
1277.0,1374.0,0.3838715467570638
1277.0,1376.0,0.44684934378667573
1277.0,1388.0,0.28997247122489156
1277.0,1407.0,0.5606670738528945
1277.0,1411.0,0.7827345511018118
1277.0,1413.0,0.677657850596431
1277.0,1417.0,0.2083505960383759
1277.0,1423.0,0.3791079007663971
1277.0,1425.0,0.29532937377438595
1277.0,1433.0,0.43522371478741895
1277.0,1435.0,0.5751459105048985
1277.0,1436.0,0.4822393637624871
1277.0,1437.0,0.270189900363072
1277.0,1438.0,0.3116732835100463
1277.0,1439.0,0.42360107909657885
1277.0,1448.0,0.4590325798608569
1277.0,1452.0,0.10994798170927367
1277.0,1455.0,0.22368165193667566
1277.0,1457.0,0.5333499289537109
1277.0,1458.0,0.22033025631416336
1277.0,1462.0,0.3384163496860457
1278.0,1291.0,0.8754491965883545
1278.0,1292.0,0.601989888823302
1278.0,1297.0,0.6763555514286432
1278.0,1300.0,0.7119303615550712
1278.0,1305.0,0.5290037440385353
1278.0,1308.0,0.5994955911145399
1278.0,1309.0,0.8026361286438263
1278.0,1314.0,0.31799761281197847
1278.0,1315.0,0.7330121806621502
1278.0,1321.0,0.43205905656050114
1278.0,1323.0,0.31417028015794446
1278.0,1329.0,0.4852980021078518
1278.0,1332.0,0.3621666023326453
1278.0,1343.0,0.6139058867112268
1278.0,1344.0,0.6598374056543452
1278.0,1345.0,0.3105738749402642
1278.0,1348.0,0.42716255919431145
1278.0,1355.0,0.8167909078043256
1278.0,1371.0,0.6711784273417762
1278.0,1374.0,0.4833633910674442
1278.0,1376.0,0.5481422900251489
1278.0,1388.0,0.38014300819091185
1278.0,1407.0,0.6571110182384594
1278.0,1411.0,0.8439939091196172
1278.0,1413.0,0.759438840657136
1278.0,1417.0,0.28326568923615647
1278.0,1423.0,0.4783236019233088
1278.0,1425.0,0.3862595027756033
1278.0,1433.0,0.5364370337802469
1278.0,1435.0,0.6702806023538399
1278.0,1436.0,0.5830979862656687
1278.0,1437.0,0.35730446592569964
1278.0,1438.0,0.40474523847182
1278.0,1439.0,0.5246222293654642
1278.0,1448.0,0.5602898819364213
1278.0,1452.0,0.15647463250582838
1278.0,1455.0,0.30200626658377816
1278.0,1457.0,0.6318530211975557
1278.0,1458.0,0.29793171363523563
1278.0,1462.0,0.4344339882348185
1291.0,1292.0,0.18442499658958622
1291.0,1297.0,0.23806084666662752
1291.0,1300.0,0.26980031582171493
1291.0,1305.0,0.14377687216017587
1291.0,1308.0,0.18286592918164524
1291.0,1309.0,0.37811392268893507
1291.0,1314.0,0.06516770939061034
1291.0,1315.0,0.2910160458206793
1291.0,1321.0,0.102121733807357
1291.0,1323.0,0.06409737576099539
1291.0,1329.0,0.12354945915715321
1291.0,1332.0,0.07824846031339028
1291.0,1343.0,0.19206414080578027
1291.0,1344.0,0.2248114841080895
1291.0,1345.0,0.06310025179494216
1291.0,1348.0,0.10030402222339085
1291.0,1355.0,0.39995353483513385
1291.0,1371.0,0.23381489651537934
1291.0,1374.0,0.1227131199351783
1291.0,1376.0,0.15352123831574405
1291.0,1388.0,0.08398803759136786
1291.0,1407.0,0.2227057620435139
1291.0,1411.0,0.4471571849238406
1291.0,1413.0,0.32064519394260427
1291.0,1417.0,0.055791067222878854
1291.0,1423.0,0.1205561876106005
1291.0,1425.0,0.08600052969776562
1291.0,1433.0,0.14749223265145894
1291.0,1435.0,0.23308740614688395
1291.0,1436.0,0.17294325953554712
1291.0,1437.0,0.07673937576445455
1291.0,1438.0,0.0922769091737834
1291.0,1439.0,0.14162660741961586
1291.0,1448.0,0.1600205527620392
1291.0,1452.0,0.026985223176457684
1291.0,1455.0,0.060757901714537765
1291.0,1457.0,0.20420142506780492
1291.0,1458.0,0.05965997755082619
1291.0,1462.0,0.10301201973258323
1292.0,1297.0,0.5848093305524802
1292.0,1300.0,0.6248656607156852
1292.0,1305.0,0.43085098522477083
1292.0,1308.0,0.5022096057096506
1292.0,1309.0,0.7326926164959441
1292.0,1314.0,0.23911918000169263
1292.0,1315.0,0.649179353407476
1292.0,1321.0,0.3389491831994431
1292.0,1323.0,0.23591281189208801
1292.0,1329.0,0.3885644948718092
1292.0,1332.0,0.2767784683207415
1292.0,1343.0,0.5173018681691348
1292.0,1344.0,0.5666127360206371
1292.0,1345.0,0.23290801754246848
1292.0,1348.0,0.3344864335859645
1292.0,1355.0,0.7503031400179025
1292.0,1371.0,0.5790791548321474
1292.0,1374.0,0.38672576549463655
1292.0,1376.0,0.4498299505322222
1292.0,1388.0,0.2924599216060504
1292.0,1407.0,0.5636332932556132
1292.0,1411.0,0.78477699346516
1292.0,1413.0,0.6802846119899784
1292.0,1417.0,0.21034530060854284
1292.0,1423.0,0.3819486572131592
1292.0,1425.0,0.2978435005649831
1292.0,1433.0,0.4381882049637239
1292.0,1435.0,0.5780879370699878
1292.0,1436.0,0.4852489480558406
1292.0,1437.0,0.2725727973063745
1292.0,1438.0,0.31426449478076024
1292.0,1439.0,0.42654619308959163
1292.0,1448.0,0.4620265739974816
1292.0,1452.0,0.11113285177602572
1292.0,1455.0,0.2257812716675437
1292.0,1457.0,0.5363480622115873
1292.0,1458.0,0.22240743019501386
1292.0,1462.0,0.34111971328571566
1297.0,1300.0,0.5599498775934977
1297.0,1305.0,0.36640426321662656
1297.0,1308.0,0.43525177316937824
1297.0,1309.0,0.6767844021215672
1297.0,1314.0,0.19359644549298716
1297.0,1315.0,0.5856812450464126
1297.0,1321.0,0.2814512368146894
1297.0,1323.0,0.19084738770166598
1297.0,1329.0,0.3268109874846735
1297.0,1332.0,0.22621783407105245
1297.0,1343.0,0.45015146671306694
1297.0,1344.0,0.49968762987002924
1297.0,1345.0,0.1882751515143386
1297.0,1348.0,0.27742781638592995
1297.0,1355.0,0.696552773188278
1297.0,1371.0,0.5124225766218284
1297.0,1374.0,0.3251091025209448
1297.0,1376.0,0.384462022873146
1297.0,1388.0,0.2399852309863394
1297.0,1407.0,0.4966568115687363
1297.0,1411.0,0.7358348091319737
1297.0,1413.0,0.6191132738578395
1297.0,1417.0,0.16908314844474137
1297.0,1423.0,0.320695113064307
1297.0,1425.0,0.24473698055098725
1297.0,1433.0,0.3733639465417318
1297.0,1435.0,0.5114068312599918
1297.0,1436.0,0.418650622507692
1297.0,1437.0,0.22254402906920645
1297.0,1438.0,0.2593113564889594
1297.0,1439.0,0.36233345346044743
1297.0,1448.0,0.3961625100389341
1297.0,1452.0,0.08718385828850217
1297.0,1455.0,0.18218975736119625
1297.0,1457.0,0.4691281557253517
1297.0,1458.0,0.17931643502225214
1297.0,1462.0,0.2834114249027083
1300.0,1305.0,0.3311501018300149
1300.0,1308.0,0.39752952921647056
1300.0,1309.0,0.6419227223887016
1300.0,1314.0,0.1704950855213685
1300.0,1315.0,0.5475622583089855
1300.0,1321.0,0.2511311724196128
1300.0,1323.0,0.16800572238327138
1300.0,1329.0,0.29360106275659503
1300.0,1332.0,0.2001901954343941
1300.0,1343.0,0.41208014057019027
1300.0,1344.0,0.46093886877371393
1300.0,1345.0,0.16567830972573683
1300.0,1348.0,0.24739195691459281
1300.0,1355.0,0.6627608234405131
1300.0,1371.0,0.47362113090532965
1300.0,1374.0,0.29199710606579843
1300.0,1376.0,0.3484258644029231
1300.0,1388.0,0.2128092193749629
1300.0,1407.0,0.45792796105721656
1300.0,1411.0,0.7045619199636568
1300.0,1413.0,0.5818742550786142
1300.0,1417.0,0.14836871116467187
1300.0,1423.0,0.28784093920900544
1300.0,1425.0,0.2171766400238797
1300.0,1433.0,0.3377971605313237
1300.0,1435.0,0.4726077469639658
1300.0,1436.0,0.3813954976961065
1300.0,1437.0,0.1968315597619803
1300.0,1438.0,0.23061090227685255
1300.0,1439.0,0.3272686588643453
1300.0,1448.0,0.35967047290565113
1300.0,1452.0,0.07559016391964535
1300.0,1455.0,0.16017916102361107
1300.0,1457.0,0.4307090754300589
1300.0,1458.0,0.1575860792951339
1300.0,1462.0,0.25295453217086705
1305.0,1308.0,0.5913023725986999
1305.0,1309.0,0.7971927491836068
1305.0,1314.0,0.31066735697680115
1305.0,1315.0,0.7263033457079242
1305.0,1321.0,0.4237331179920649
1305.0,1323.0,0.3068885496724355
1305.0,1329.0,0.4768074390554786
1305.0,1332.0,0.3543471944263924
1305.0,1343.0,0.6058136266236491
1305.0,1344.0,0.6521623786533602
1305.0,1345.0,0.30333863269844796
1305.0,1348.0,0.4188613886021588
1305.0,1355.0,0.8116463096683477
1305.0,1371.0,0.6636288407826267
1305.0,1374.0,0.47487544703312523
1305.0,1376.0,0.539705138193202
1305.0,1388.0,0.37216193901715
1305.0,1407.0,0.6494071611425832
1305.0,1411.0,0.8394630479683768
1305.0,1413.0,0.7531704451209086
1305.0,1417.0,0.2764115642649041
1305.0,1423.0,0.4698436734926088
1305.0,1425.0,0.37822837559816536
1305.0,1433.0,0.5279695336802458
1305.0,1435.0,0.6627207608828986
1305.0,1436.0,0.5748072359832268
1305.0,1437.0,0.34953250748627307
1305.0,1438.0,0.3965781128671232
1305.0,1439.0,0.5161335799016389
1305.0,1448.0,0.5518941252269725
1305.0,1452.0,0.15203765799642266
1305.0,1455.0,0.29488524693935025
1305.0,1457.0,0.6239064761567381
1305.0,1458.0,0.29086673224253723
1305.0,1462.0,0.42609661956738587
1308.0,1309.0,0.7498496819011617
1308.0,1314.0,0.25577773037650375
1308.0,1315.0,0.669277175593965
1308.0,1321.0,0.35927855615295123
1308.0,1323.0,0.2524220913348215
1308.0,1329.0,0.410023899358114
1308.0,1332.0,0.2950432672915275
1308.0,1343.0,0.5395966219559423
1308.0,1344.0,0.5884419245701464
1308.0,1345.0,0.24927562084246702
1308.0,1348.0,0.3546917591036185
1308.0,1355.0,0.7666898063426981
1308.0,1371.0,0.6007229025894498
1308.0,1374.0,0.40815140821793017
1308.0,1376.0,0.47206062083852096
1308.0,1388.0,0.3113141030008373
1308.0,1407.0,0.5855027705418935
1308.0,1411.0,0.7995058205684281
1308.0,1413.0,0.6994255344200997
1308.0,1417.0,0.2255936161505786
1308.0,1423.0,0.40328367642521623
1308.0,1425.0,0.31688930602567145
1308.0,1433.0,0.4603249202722862
1308.0,1435.0,0.5997474244835412
1308.0,1436.0,0.5076150108285087
1308.0,1437.0,0.2906716059478307
1308.0,1438.0,0.33386107378309415
1308.0,1439.0,0.4485643538882411
1308.0,1448.0,0.4843293784855661
1308.0,1452.0,0.12028461506255128
1308.0,1455.0,0.24180591742305713
1308.0,1457.0,0.5585138869772592
1308.0,1458.0,0.23826631289054645
1308.0,1462.0,0.36150807634219684
1309.0,1314.0,0.10455900444626587
1309.0,1315.0,0.40742605354564376
1309.0,1321.0,0.1600265351328456
1309.0,1323.0,0.10291292007561115
1309.0,1329.0,0.1910193219639067
1309.0,1332.0,0.1244935858243672
1309.0,1343.0,0.2847918577986621
1309.0,1344.0,0.3269514513624363
1309.0,1345.0,0.10137737335795094
1309.0,1348.0,0.15735878151418814
1309.0,1355.0,0.5275170574015403
1309.0,1371.0,0.33826047961463324
1309.0,1374.0,0.18982517983062752
1309.0,1376.0,0.23300722461479073
1309.0,1388.0,0.1331353267576616
1309.0,1407.0,0.3242892481330981
1309.0,1411.0,0.5753405879456177
1309.0,1413.0,0.44152626912889037
1309.0,1417.0,0.09006058368409764
1309.0,1423.0,0.18673971352270435
1309.0,1425.0,0.13615043034470797
1309.0,1433.0,0.2246852513746581
1309.0,1435.0,0.33735110266587787
1309.0,1436.0,0.25940344399140514
1309.0,1437.0,0.12221087641267514
1309.0,1438.0,0.14550413532257456
1309.0,1439.0,0.21652945918205602
1309.0,1448.0,0.2419099019986729
1309.0,1452.0,0.04439271877024298
1309.0,1455.0,0.09776239985556223
1309.0,1457.0,0.3006087032421694
1309.0,1458.0,0.09606417924922972
1309.0,1462.0,0.1613309247579855
1314.0,1315.0,0.8523506308928835
1314.0,1321.0,0.6153229750133768
1314.0,1323.0,0.49062712821756116
1314.0,1329.0,0.6647140981415118
1314.0,1332.0,0.544190789996379
1314.0,1343.0,0.7697604092502792
1314.0,1344.0,0.8030976022871308
1314.0,1345.0,0.4864434758353291
1314.0,1348.0,0.6105824143615317
1314.0,1355.0,0.9036063442135924
1314.0,1371.0,0.8110302043724493
1314.0,1374.0,0.662985542342198
1314.0,1376.0,0.7183650101661736
1314.0,1388.0,0.5632240368015194
1314.0,1407.0,0.8011734483373092
1314.0,1411.0,0.9191941939718101
1314.0,1413.0,0.8690748874224437
1314.0,1417.0,0.45385132678553597
1314.0,1423.0,0.6584598688098406
1314.0,1425.0,0.5695794672354368
1314.0,1433.0,0.7087261529933533
1314.0,1435.0,0.810406369032231
1314.0,1436.0,0.7462483446672438
1314.0,1437.0,0.5389498057458437
1314.0,1438.0,0.5884270572119041
1314.0,1439.0,0.6988372379643399
1314.0,1448.0,0.7282054899970898
1314.0,1452.0,0.2805979117848787
1314.0,1455.0,0.476376602863506
1314.0,1457.0,0.7830233735764732
1314.0,1458.0,0.4715387997979277
1314.0,1462.0,0.6176098086906829
1315.0,1321.0,0.2129012402797632
1315.0,1323.0,0.14006328803363477
1315.0,1329.0,0.2510734997957733
1315.0,1332.0,0.16797561084813128
1315.0,1343.0,0.36116536755708517
1315.0,1344.0,0.40817851033677777
1315.0,1345.0,0.13805873396948432
1315.0,1348.0,0.2095719508560726
1315.0,1355.0,0.6131766359278453
1315.0,1371.0,0.42054160912606287
1315.0,1374.0,0.24961977486563847
1315.0,1376.0,0.30134472048151306
1315.0,1388.0,0.17901849620649068
1315.0,1407.0,0.40525314983045857
1315.0,1411.0,0.6579518086580218
1315.0,1413.0,0.5288517283739221
1315.0,1417.0,0.12320861641559022
1315.0,1423.0,0.2458573319141497
1315.0,1425.0,0.18285352495483964
1315.0,1433.0,0.2915096745194875
1315.0,1435.0,0.4195512743367308
1315.0,1436.0,0.3321302084232238
1315.0,1437.0,0.16504591672493063
1315.0,1438.0,0.19469265204956387
1315.0,1439.0,0.28180990763987146
1315.0,1448.0,0.31179698952044166
1315.0,1452.0,0.06187504265476973
1315.0,1455.0,0.133329825598544
1315.0,1457.0,0.37897628785562754
1315.0,1458.0,0.13110354453545847
1315.0,1462.0,0.2145265435509205
1321.0,1323.0,0.38144787686866477
1321.0,1329.0,0.559334610141854
1321.0,1332.0,0.4332297605342613
1321.0,1343.0,0.6815811090383008
1321.0,1344.0,0.7230931177980044
1321.0,1345.0,0.37750524085491743
1321.0,1348.0,0.5009624135495295
1321.0,1355.0,0.8571774553701923
1321.0,1371.0,0.733177999565824
1321.0,1374.0,0.5574244972051852
1321.0,1376.0,0.6202135122232046
1321.0,1388.0,0.45223255461368805
1321.0,1407.0,0.720659088050905
1321.0,1411.0,0.8792701966413475
1321.0,1413.0,0.8095197152378035
1321.0,1417.0,0.34727636071278445
1321.0,1423.0,0.5524382194461607
1321.0,1425.0,0.4586507096239377
1321.0,1433.0,0.6090436351373458
1321.0,1435.0,0.7323819611811188
1321.0,1436.0,0.653122049024159
1321.0,1437.0,0.4280538485505375
1321.0,1438.0,0.477903237210476
1321.0,1439.0,0.5976915274474127
1321.0,1448.0,0.6317253194869658
1321.0,1452.0,0.1998217052831408
1321.0,1455.0,0.3680770079143212
1321.0,1457.0,0.6979303186129606
1321.0,1458.0,0.3635753724607561
1321.0,1462.0,0.5083752121856029
1323.0,1329.0,0.669993307192572
1323.0,1332.0,0.5500832222520943
1323.0,1343.0,0.7739481033291765
1323.0,1344.0,0.8068311073251468
1323.0,1345.0,0.49238608439822573
1323.0,1348.0,0.6162218514651674
1323.0,1355.0,0.9056579587258172
1323.0,1371.0,0.814648012237149
1323.0,1374.0,0.6682783858083592
1323.0,1376.0,0.7231512987827822
1323.0,1388.0,0.5690652614350392
1323.0,1407.0,0.8049345759265698
1323.0,1411.0,0.9209430676960222
1323.0,1413.0,0.8717571517757359
1323.0,1417.0,0.45975222090050816
1323.0,1423.0,0.6637877443805666
1323.0,1425.0,0.5753997725859473
1323.0,1433.0,0.7136109452368942
1323.0,1435.0,0.8140333816098839
1323.0,1436.0,0.7507251991778447
1323.0,1437.0,0.5448533240912177
1323.0,1438.0,0.5941740893840175
1323.0,1439.0,0.7038185654350886
1323.0,1448.0,0.7328867271119309
1323.0,1452.0,0.2854234351838022
1323.0,1455.0,0.4823117292359659
1323.0,1457.0,0.78703657512169
1323.0,1458.0,0.4774686133466238
1323.0,1462.0,0.6232102784182716
1329.0,1332.0,0.3702600635833755
1329.0,1343.0,0.6221377836111942
1329.0,1344.0,0.6676202114903456
1329.0,1345.0,0.31808936049251146
1329.0,1348.0,0.4357162855641423
1329.0,1355.0,0.8219516654818186
1329.0,1371.0,0.6788280541636676
1329.0,1374.0,0.49207578156719445
1329.0,1376.0,0.5567639919035434
1329.0,1388.0,0.38839357346014114
1329.0,1407.0,0.6649245259844023
1329.0,1411.0,0.8485304953941488
1329.0,1413.0,0.765751810360105
1329.0,1417.0,0.2903987024971366
1329.0,1423.0,0.4870307868578353
1329.0,1425.0,0.3945583190563031
1329.0,1433.0,0.545096726298077
1329.0,1435.0,0.6779410936265724
1329.0,1436.0,0.5915497121875439
1329.0,1437.0,0.36535150949792605
1329.0,1438.0,0.4131738466714998
1329.0,1439.0,0.5333106185277294
1329.0,1448.0,0.5688621082938132
1329.0,1452.0,0.1611326582482311
1329.0,1455.0,0.3094074724847139
1329.0,1457.0,0.6399267031750554
1329.0,1458.0,0.30527673786278353
1329.0,1462.0,0.44302071211767136
1332.0,1343.0,0.75522314467497
1332.0,1344.0,0.790091245793543
1332.0,1345.0,0.4664176415329717
1332.0,1348.0,0.5913305292963507
1332.0,1355.0,0.896382486005551
1332.0,1371.0,0.7984163099268302
1332.0,1374.0,0.6448173122985144
1332.0,1376.0,0.7018396137545839
1332.0,1388.0,0.5433817740412628
1332.0,1407.0,0.7880735320282991
1332.0,1411.0,0.9130260692941455
1332.0,1413.0,0.8596651034587077
1332.0,1417.0,0.43403325977630003
1332.0,1423.0,0.6401800749920181
1332.0,1425.0,0.5497951404603301
1332.0,1433.0,0.691877768426792
1332.0,1435.0,0.797761216796667
1332.0,1436.0,0.7307458132971542
1332.0,1437.0,0.5189466586617705
1332.0,1438.0,0.5688532869380907
1332.0,1439.0,0.6816737619066979
1332.0,1448.0,0.7120260326490798
1332.0,1452.0,0.26467882013334654
1332.0,1455.0,0.45639689542970396
1332.0,1457.0,0.7690723034142755
1332.0,1458.0,0.45158700621725256
1332.0,1462.0,0.5984768771204847
1343.0,1344.0,0.560325483413936
1343.0,1345.0,0.2283724099960348
1343.0,1348.0,0.3288206448035963
1343.0,1355.0,0.7454837105384934
1343.0,1371.0,0.5728364120632221
1343.0,1374.0,0.38068126231429433
1343.0,1376.0,0.443512423275779
1343.0,1388.0,0.2871988033697507
1343.0,1407.0,0.5573365852983931
1343.0,1411.0,0.7804282273253269
1343.0,1413.0,0.6746996730435115
1343.0,1417.0,0.2061310055704174
1343.0,1423.0,0.3759330502487529
1343.0,1425.0,0.2925255762230068
1343.0,1433.0,0.4319058234972242
1343.0,1435.0,0.5718413629280407
1343.0,1436.0,0.4788669524619553
1343.0,1437.0,0.2675341591667485
1343.0,1438.0,0.3087823128616136
1343.0,1439.0,0.42030585285975186
1343.0,1448.0,0.45567962765231507
1343.0,1452.0,0.10863283817068337
1343.0,1455.0,0.22134440265589972
1343.0,1457.0,0.5299859572131349
1343.0,1458.0,0.21801819123982036
1343.0,1462.0,0.33539819065616816
1344.0,1345.0,0.2042620033239374
1344.0,1348.0,0.2982037660404572
1344.0,1355.0,0.7175470080969291
1344.0,1371.0,0.5377010592615049
1344.0,1374.0,0.3477373785623812
1344.0,1376.0,0.4087195654548337
1344.0,1388.0,0.25896210950716403
1344.0,1407.0,0.5219901868027335
1344.0,1411.0,0.7550669473312037
1344.0,1413.0,0.642717089112417
1344.0,1417.0,0.18380938492004206
1344.0,1423.0,0.3431723846475899
1344.0,1425.0,0.2639591052151047
1344.0,1433.0,0.3973733069221912
1344.0,1435.0,0.5366903612089662
1344.0,1436.0,0.44351102486891414
1344.0,1437.0,0.24057830838134897
1344.0,1438.0,0.27925493386279787
1344.0,1439.0,0.386070505344987
1344.0,1448.0,0.4206537850969003
1344.0,1452.0,0.09559776243459606
1344.0,1455.0,0.19778579070190005
1344.0,1457.0,0.49443668448713474
1344.0,1458.0,0.1947250684352715
1344.0,1462.0,0.30444667274364057
1345.0,1348.0,0.6326696922527786
1345.0,1355.0,0.911483087132541
1345.0,1371.0,0.8250067386646928
1345.0,1374.0,0.6836405790275182
1345.0,1376.0,0.7369724871258342
1345.0,1388.0,0.5861769091761879
1345.0,1407.0,0.815713352942961
1345.0,1411.0,0.9259016374854638
1345.0,1413.0,0.8793967342411225
1345.0,1417.0,0.4772168922797182
1345.0,1423.0,0.6792580886665989
1345.0,1425.0,0.5924400334930653
1345.0,1433.0,0.7277290946665703
1345.0,1435.0,0.8244190543751424
1345.0,1436.0,0.7636197781413814
1345.0,1437.0,0.5621867167376576
1345.0,1438.0,0.6109703071172521
1345.0,1439.0,0.7182288412316775
1345.0,1448.0,0.7463923388872842
1345.0,1452.0,0.2999424912786699
1345.0,1455.0,0.4998404969008453
1345.0,1457.0,0.7985568403124859
1345.0,1458.0,0.49498966346405127
1345.0,1462.0,0.6395338120170373
1348.0,1355.0,0.859859128983473
1348.0,1371.0,0.7374748545670081
1348.0,1374.0,0.5628641705570594
1348.0,1376.0,0.6254000707252654
1348.0,1388.0,0.4577073252172926
1348.0,1407.0,0.7250819510501434
1348.0,1411.0,0.8815943519087465
1348.0,1413.0,0.8129009045241407
1348.0,1417.0,0.3522977167485517
1348.0,1423.0,0.5578905711243944
1348.0,1425.0,0.46413734285023966
1348.0,1433.0,0.6142878692694949
1348.0,1435.0,0.7366870315455809
1348.0,1436.0,0.658106932449642
1348.0,1437.0,0.433467540872603
1348.0,1438.0,0.4834145179635597
1348.0,1439.0,0.6029887747927125
1348.0,1448.0,0.6368467186078615
1348.0,1452.0,0.2033752910349932
1348.0,1455.0,0.373227150247476
1348.0,1457.0,0.7025645231602925
1348.0,1458.0,0.3686992779422428
1348.0,1462.0,0.5138920153326216
1355.0,1371.0,0.33470249237601746
1355.0,1374.0,0.18738638568749788
1355.0,1376.0,0.23017126046471947
1355.0,1388.0,0.1313068183965702
1355.0,1407.0,0.32080697367649424
1355.0,1411.0,0.5714423214711808
1355.0,1413.0,0.4376003730370315
1355.0,1417.0,0.08876309587356312
1355.0,1423.0,0.184331541057419
1355.0,1425.0,0.13428692679838983
1355.0,1433.0,0.22192126855537442
1355.0,1435.0,0.3337978557355987
1355.0,1436.0,0.25635358714928325
1355.0,1437.0,0.12051154835127142
1355.0,1438.0,0.14353387888970637
1355.0,1439.0,0.21383813387978523
1355.0,1448.0,0.23899934636765496
1355.0,1452.0,0.04372154752335555
1355.0,1455.0,0.09636570417919388
1355.0,1457.0,0.2972688453585369
1355.0,1458.0,0.0946891991652179
1355.0,1462.0,0.15918628358009979
1371.0,1374.0,0.3165554186386629
1371.0,1376.0,0.37521493794365146
1371.0,1388.0,0.23289829968104914
1371.0,1407.0,0.48684554070463626
1371.0,1411.0,0.7281336417903386
1371.0,1413.0,0.6098137033707001
1371.0,1417.0,0.16363919048647535
1371.0,1423.0,0.31220383913375405
1371.0,1425.0,0.23755358658241155
1371.0,1433.0,0.3642258443491184
1371.0,1435.0,0.5015945481226447
1371.0,1436.0,0.409127791729367
1371.0,1437.0,0.21582588658739243
1371.0,1438.0,0.25184282624829735
1371.0,1439.0,0.3533131062457243
1371.0,1448.0,0.3868108524478512
1371.0,1452.0,0.08410988408141551
1371.0,1455.0,0.1764134008295415
1371.0,1457.0,0.459364400102636
1371.0,1458.0,0.1736118383339863
1371.0,1462.0,0.2755069626119232
1374.0,1376.0,0.5866148290096348
1374.0,1388.0,0.4177248376368192
1374.0,1407.0,0.6915268851247427
1374.0,1411.0,0.8635473791115645
1374.0,1413.0,0.7869145686325573
1374.0,1417.0,0.31615496546140043
1374.0,1423.0,0.5175081162346504
1374.0,1425.0,0.42403236562254887
1374.0,1433.0,0.5751337106673251
1374.0,1435.0,0.7039701236540281
1374.0,1436.0,0.62065401624362
1374.0,1437.0,0.3940638281951675
1374.0,1438.0,0.4430209484044305
1374.0,1439.0,0.5635026492046646
1374.0,1448.0,0.5984857502867553
1374.0,1452.0,0.17830481309388135
1374.0,1455.0,0.33605125225762655
1374.0,1457.0,0.6675213286721116
1374.0,1458.0,0.33173567945068183
1374.0,1462.0,0.4732849828006058
1376.0,1388.0,0.34183193948736124
1376.0,1407.0,0.6187501048761848
1376.0,1411.0,0.8208402143722231
1376.0,1413.0,0.7277834409490733
1376.0,1417.0,0.250768135565959
1376.0,1423.0,0.4370951264135341
1376.0,1425.0,0.34767776207212264
1376.0,1433.0,0.49495195662483704
1376.0,1435.0,0.6325692015634143
1376.0,1436.0,0.5422252376463398
1376.0,1437.0,0.3201064457993673
1376.0,1438.0,0.36541640685778987
1376.0,1439.0,0.4830986469994315
1376.0,1448.0,0.5190255058374694
1376.0,1452.0,0.13576774285052395
1376.0,1455.0,0.26816312262943853
1376.0,1457.0,0.5924190615061402
1376.0,1458.0,0.26437222700573715
1376.0,1462.0,0.3941304297434606
1388.0,1407.0,0.7629394071587339
1388.0,1411.0,0.9008465972968467
1388.0,1413.0,0.841311926787627
1388.0,1417.0,0.39893529809485606
1388.0,1423.0,0.6062691823204955
1388.0,1425.0,0.5138349223966721
1388.0,1433.0,0.6602533763272963
1388.0,1435.0,0.7734457385800392
1388.0,1436.0,0.701388933473496
1388.0,1437.0,0.48284017813151403
1388.0,1438.0,0.5331226518245105
1388.0,1439.0,0.649532576145184
1388.0,1448.0,0.681517671974158
1388.0,1452.0,0.2375281427616519
1388.0,1455.0,0.4208351962674326
1388.0,1457.0,0.7424212169030432
1388.0,1458.0,0.41611320298240784
1388.0,1462.0,0.5633166502052972
1407.0,1411.0,0.7439186385239713
1407.0,1413.0,0.6289679063535427
1407.0,1417.0,0.17506695940867645
1407.0,1423.0,0.329914067806793
1407.0,1425.0,0.2525842878800707
1407.0,1433.0,0.38324277546191954
1407.0,1435.0,0.5218961576542729
1407.0,1436.0,0.4289075433912246
1407.0,1437.0,0.22989634183329155
1407.0,1438.0,0.26746048996461247
1407.0,1439.0,0.372093729355808
1407.0,1448.0,0.40625348866025135
1407.0,1452.0,0.09058525210646695
1407.0,1455.0,0.18853216436818732
1407.0,1457.0,0.4796015235405754
1407.0,1458.0,0.18558151413552137
1407.0,1462.0,0.2920193324325375
1411.0,1413.0,0.36669335279649173
1411.0,1417.0,0.06758738059072489
1411.0,1423.0,0.1439584497495383
1411.0,1425.0,0.10348419822721922
1411.0,1433.0,0.17508233077523794
1411.0,1435.0,0.27158816517670625
1411.0,1436.0,0.20415414486532812
1411.0,1437.0,0.09253088377809071
1411.0,1438.0,0.11088175396448019
1411.0,1439.0,0.16833613302698736
1411.0,1448.0,0.18943345833003966
1411.0,1452.0,0.03290314839416553
1411.0,1455.0,0.07352261542670857
1411.0,1457.0,0.23942041698498284
1411.0,1458.0,0.0722117609959364
1411.0,1462.0,0.1234868277685095
1413.0,1417.0,0.11525117244086214
1413.0,1423.0,0.2320752656525864
1413.0,1425.0,0.17179870289837273
1413.0,1433.0,0.27610541547171297
1413.0,1435.0,0.4012125010055946
1413.0,1436.0,0.31553541410805974
1413.0,1437.0,0.15486365926317514
1413.0,1438.0,0.18308243582687034
1413.0,1439.0,0.2667252484619369
1413.0,1448.0,0.29576822504939393
1413.0,1452.0,0.0576185217927484
1413.0,1455.0,0.12481175371613784
1413.0,1457.0,0.36130709787021953
1413.0,1458.0,0.1227075657863862
1413.0,1462.0,0.20203028630338915
1417.0,1423.0,0.7119018631965884
1417.0,1425.0,0.6290949508325636
1417.0,1433.0,0.7572030285402545
1417.0,1435.0,0.845646150520538
1417.0,1436.0,0.7903278762913086
1417.0,1437.0,0.5997241892339417
1417.0,1438.0,0.6469518021532404
1417.0,1439.0,0.748375604241289
1417.0,1448.0,0.7744720506403513
1417.0,1452.0,0.33329999578689284
1417.0,1455.0,0.5383337542741649
1417.0,1457.0,0.8222364071971199
1417.0,1458.0,0.5335078286215293
1417.0,1462.0,0.6742818704989255
1423.0,1425.0,0.40892061331204144
1423.0,1433.0,0.5598714680520765
1423.0,1435.0,0.6908482471129758
1423.0,1436.0,0.6059065012490941
1423.0,1437.0,0.3793167284222515
1423.0,1438.0,0.42773503384649036
1423.0,1439.0,0.5481508442811936
1423.0,1448.0,0.5834548173699126
1423.0,1452.0,0.16937508933969425
1423.0,1455.0,0.3223203211912705
1423.0,1457.0,0.6535788646184333
1423.0,1458.0,0.318096600430819
1423.0,1462.0,0.45781315193652716
1425.0,1433.0,0.6469529080238758
1425.0,1435.0,0.7629858315951566
1425.0,1436.0,0.6889401614181969
1425.0,1437.0,0.46818858952161935
1425.0,1438.0,0.5184749432797926
1425.0,1439.0,0.6360437620977457
1425.0,1448.0,0.6686318678714585
1425.0,1452.0,0.22705230307524316
1425.0,1455.0,0.4065858945266343
1425.0,1457.0,0.7310270481562293
1425.0,1458.0,0.4019128335611556
1425.0,1462.0,0.5488145349731179
1433.0,1435.0,0.6396327317759053
1433.0,1436.0,0.5497894518732249
1433.0,1437.0,0.32678399776086064
1433.0,1438.0,0.3725212661386248
1433.0,1439.0,0.490722227130427
1433.0,1448.0,0.5266384061893791
1433.0,1452.0,0.13938827395823528
1433.0,1455.0,0.2741941037969925
1433.0,1457.0,0.599766083480855
1433.0,1458.0,0.2703494460598692
1433.0,1462.0,0.4014404030578973
1435.0,1436.0,0.4362228189522962
1435.0,1437.0,0.23521535095283053
1435.0,1438.0,0.2733401244451834
1435.0,1439.0,0.3790832157357025
1435.0,1448.0,0.4134621177877287
1435.0,1452.0,0.09307061884049106
1435.0,1455.0,0.1931341609756141
1435.0,1457.0,0.4870440457871811
1435.0,1458.0,0.19012836192509386
1435.0,1462.0,0.2982190611164698
1436.0,1437.0,0.28432358908147337
1436.0,1438.0,0.3270046666566718
1436.0,1439.0,0.44091148829573634
1436.0,1448.0,0.47659369806546636
1436.0,1452.0,0.11704369698815853
1436.0,1455.0,0.2361697676240364
1436.0,1457.0,0.5508590600033433
1436.0,1458.0,0.23268734626350263
1436.0,1462.0,0.3543859489601454
1437.0,1438.0,0.573695401200847
1437.0,1439.0,0.6859483318401272
1437.0,1448.0,0.7160627925860472
1437.0,1452.0,0.26854446421544875
1437.0,1455.0,0.46130596954006686
1437.0,1457.0,0.7725648285622536
1437.0,1458.0,0.45648778937249646
1437.0,1462.0,0.6032183546165584
1438.0,1439.0,0.6309906433229138
1438.0,1448.0,0.6637920368615384
1438.0,1452.0,0.2232553141304262
1438.0,1455.0,0.4013455035870599
1438.0,1457.0,0.7267260746044304
1438.0,1458.0,0.3966924093642641
1438.0,1462.0,0.5434197032655964
1439.0,1448.0,0.549040623144736
1439.0,1452.0,0.15055694652432272
1439.0,1455.0,0.29249320570843584
1439.0,1457.0,0.6211967953254409
1439.0,1458.0,0.2884939512796134
1439.0,1462.0,0.42327915320388987
1448.0,1452.0,0.13410381612922695
1448.0,1455.0,0.2653748410830076
1448.0,1457.0,0.58897261489984
1448.0,1458.0,0.2616092718457338
1448.0,1462.0,0.39073167096137595
1452.0,1455.0,0.7033871213021026
1452.0,1457.0,0.9039075611143417
1452.0,1458.0,0.6993228803351739
1452.0,1462.0,0.8080608398756864
1455.0,1457.0,0.7997069074823423
1455.0,1458.0,0.4967807015364132
1455.0,1462.0,0.6411838233406539
1457.0,1458.0,0.21890409931462484
1457.0,1462.0,0.33655578579887324
1458.0,1462.0,0.6649362327027228
